domain,host,project,is_valid_host,is_bad_host,reason_if_bad,sitemap_url,sitemap_url_count,indexable_url_count,canonical_mode,robots_status,yandex_webmaster_status,google_search_console_status,indexnow_eligible,recrawl_eligible,metrika_counter,lead_forms_present,monetization_slots_present,priority_score
kalkremont.ru,www.kalkremont.ru,"kalkremont (–Ї–∞–ї—М–Ї—Г–ї—П—В–Њ—А—Л —А–µ–Љ–Њ–љ—В–∞ вАФ —Д–ї–∞–≥–Љ–∞–љ) ¬Ј www",true,false,"",https://www.kalkremont.ru/sitemap.xml,9040,9040,"self","200 +sitemap","verified:3problems","n/a (–љ–µ—В GSC API-creds)",true,true,present(id?),yes,no,943
kalkremont.ru,dizayn.kalkremont.ru,"kalkremont (–Ї–∞–ї—М–Ї—Г–ї—П—В–Њ—А—Л —А–µ–Љ–Њ–љ—В–∞ вАФ —Д–ї–∞–≥–Љ–∞–љ) ¬Ј dizayn",true,false,"",https://dizayn.kalkremont.ru/sitemap.xml,615,615,"self","200 +sitemap","verified:4problems","n/a (–љ–µ—В GSC API-creds)",true,true,109345156,yes,no,248
kalkremont.ru,balkony.kalkremont.ru,"kalkremont (–Ї–∞–ї—М–Ї—Г–ї—П—В–Њ—А—Л —А–µ–Љ–Њ–љ—В–∞ вАФ —Д–ї–∞–≥–Љ–∞–љ) ¬Ј balkony",true,false,"",https://balkony.kalkremont.ru/sitemap.xml,492,492,"self","200 +sitemap","verified:4problems","n/a (–љ–µ—В GSC API-creds)",true,true,109345156,yes,no,222
kalkremont.ru,fasad.kalkremont.ru,"kalkremont (–Ї–∞–ї—М–Ї—Г–ї—П—В–Њ—А—Л —А–µ–Љ–Њ–љ—В–∞ вАФ —Д–ї–∞–≥–Љ–∞–љ) ¬Ј fasad",true,false,"",https://fasad.kalkremont.ru/sitemap.xml,492,492,"self","200 +sitemap","verified:4problems","n/a (–љ–µ—В GSC API-creds)",true,true,109345156,yes,no,222
kalkremont.ru,kondicioner.kalkremont.ru,"kalkremont (–Ї–∞–ї—М–Ї—Г–ї—П—В–Њ—А—Л —А–µ–Љ–Њ–љ—В–∞ вАФ —Д–ї–∞–≥–Љ–∞–љ) ¬Ј kondicioner",true,false,"",https://kondicioner.kalkremont.ru/sitemap.xml,492,492,"self","200 +sitemap","verified:4problems","n/a (–љ–µ—В GSC API-creds)",true,true,109345156,yes,no,222
kalkremont.ru,okna.kalkremont.ru,"kalkremont (–Ї–∞–ї—М–Ї—Г–ї—П—В–Њ—А—Л —А–µ–Љ–Њ–љ—В–∞ вАФ —Д–ї–∞–≥–Љ–∞–љ) ¬Ј okna",true,false,"",https://okna.kalkremont.ru/sitemap.xml,492,492,"self","200 +sitemap","verified:3problems","n/a (–љ–µ—В GSC API-creds)",true,true,109345156,yes,no,222
kalkremont.ru,potolki.kalkremont.ru,"kalkremont (–Ї–∞–ї—М–Ї—Г–ї—П—В–Њ—А—Л —А–µ–Љ–Њ–љ—В–∞ вАФ —Д–ї–∞–≥–Љ–∞–љ) ¬Ј potolki",true,false,"",https://potolki.kalkremont.ru/sitemap.xml,492,492,"self","200 +sitemap","verified:4problems","n/a (–љ–µ—В GSC API-creds)",true,true,109345156,yes,no,222
kalkremont.ru,santehnika.kalkremont.ru,"kalkremont (–Ї–∞–ї—М–Ї—Г–ї—П—В–Њ—А—Л —А–µ–Љ–Њ–љ—В–∞ вАФ —Д–ї–∞–≥–Љ–∞–љ) ¬Ј santehnika",true,false,"",https://santehnika.kalkremont.ru/sitemap.xml,492,492,"self","200 +sitemap","verified:3problems","n/a (–љ–µ—В GSC API-creds)",true,true,109345156,yes,no,222
kalkremont.ru,demontazh.kalkremont.ru,"kalkremont (–Ї–∞–ї—М–Ї—Г–ї—П—В–Њ—А—Л —А–µ–Љ–Њ–љ—В–∞ вАФ —Д–ї–∞–≥–Љ–∞–љ) ¬Ј demontazh",true,false,"",https://demontazh.kalkremont.ru/sitemap.xml,451,451,"self","200 +sitemap","verified:4problems","n/a (–љ–µ—В GSC API-creds)",true,true,109345156,yes,no,213
kalkremont.ru,dveri.kalkremont.ru,"kalkremont (–Ї–∞–ї—М–Ї—Г–ї—П—В–Њ—А—Л —А–µ–Љ–Њ–љ—В–∞ вАФ —Д–ї–∞–≥–Љ–∞–љ) ¬Ј dveri",true,false,"",https://dveri.kalkremont.ru/sitemap.xml,451,451,"self","200 +sitemap","verified:4problems","n/a (–љ–µ—В GSC API-creds)",true,true,109345156,yes,no,213
kalkremont.ru,elektro.kalkremont.ru,"kalkremont (–Ї–∞–ї—М–Ї—Г–ї—П—В–Њ—А—Л —А–µ–Љ–Њ–љ—В–∞ вАФ —Д–ї–∞–≥–Љ–∞–љ) ¬Ј elektro",true,false,"",https://elektro.kalkremont.ru/sitemap.xml,451,451,"self","200 +sitemap","verified:4problems","n/a (–љ–µ—В GSC API-creds)",true,true,109345156,yes,no,213
kalkremont.ru,kuhni.kalkremont.ru,"kalkremont (–Ї–∞–ї—М–Ї—Г–ї—П—В–Њ—А—Л —А–µ–Љ–Њ–љ—В–∞ вАФ —Д–ї–∞–≥–Љ–∞–љ) ¬Ј kuhni",true,false,"",https://kuhni.kalkremont.ru/sitemap.xml,451,451,"self","200 +sitemap","verified:4problems","n/a (–љ–µ—В GSC API-creds)",true,true,109345156,yes,no,213
kalkremont.ru,styazhka.kalkremont.ru,"kalkremont (–Ї–∞–ї—М–Ї—Г–ї—П—В–Њ—А—Л —А–µ–Љ–Њ–љ—В–∞ вАФ —Д–ї–∞–≥–Љ–∞–љ) ¬Ј styazhka",true,false,"",https://styazhka.kalkremont.ru/sitemap.xml,451,451,"self","200 +sitemap","verified:4problems","n/a (–љ–µ—В GSC API-creds)",true,true,109345156,yes,no,213
kalkremont.ru,uborka.kalkremont.ru,"kalkremont (–Ї–∞–ї—М–Ї—Г–ї—П—В–Њ—А—Л —А–µ–Љ–Њ–љ—В–∞ вАФ —Д–ї–∞–≥–Љ–∞–љ) ¬Ј uborka",true,false,"",https://uborka.kalkremont.ru/sitemap.xml,451,451,"self","200 +sitemap","verified:4problems","n/a (–љ–µ—В GSC API-creds)",true,true,109345156,yes,no,213
kalkremont.ru,vannye.kalkremont.ru,"kalkremont (–Ї–∞–ї—М–Ї—Г–ї—П—В–Њ—А—Л —А–µ–Љ–Њ–љ—В–∞ вАФ —Д–ї–∞–≥–Љ–∞–љ) ¬Ј vannye",true,false,"",https://vannye.kalkremont.ru/sitemap.xml,451,451,"self","200 +sitemap","verified:4problems","n/a (–љ–µ—В GSC API-creds)",true,true,109345156,yes,no,213
kalkremont.ru,moskva.kalkremont.ru,"kalkremont (–Ї–∞–ї—М–Ї—Г–ї—П—В–Њ—А—Л —А–µ–Љ–Њ–љ—В–∞ вАФ —Д–ї–∞–≥–Љ–∞–љ) ¬Ј moskva",true,false,"",https://moskva.kalkremont.ru/sitemap.xml,321,321,"self","200 +sitemap","verified:3problems","n/a (–љ–µ—В GSC API-creds)",true,true,present(id?),no,no,143
kalkremont.ru,ufa.kalkremont.ru,"kalkremont (–Ї–∞–ї—М–Ї—Г–ї—П—В–Њ—А—Л —А–µ–Љ–Њ–љ—В–∞ вАФ —Д–ї–∞–≥–Љ–∞–љ) ¬Ј ufa",true,false,"",https://ufa.kalkremont.ru/sitemap.xml,205,205,"self","200 +sitemap","verified:3problems","n/a (–љ–µ—В GSC API-creds)",true,true,present(id?),no,no,138
kalkremont.ru,rnd.kalkremont.ru,"kalkremont (–Ї–∞–ї—М–Ї—Г–ї—П—В–Њ—А—Л —А–µ–Љ–Њ–љ—В–∞ вАФ —Д–ї–∞–≥–Љ–∞–љ) ¬Ј rnd",true,false,"",https://rnd.kalkremont.ru/sitemap.xml,205,205,"self","200 +sitemap","verified:3problems","n/a (–љ–µ—В GSC API-creds)",true,true,present(id?),no,no,137
kalkremont.ru,kzn.kalkremont.ru,"kalkremont (–Ї–∞–ї—М–Ї—Г–ї—П—В–Њ—А—Л —А–µ–Љ–Њ–љ—В–∞ вАФ —Д–ї–∞–≥–Љ–∞–љ) ¬Ј kzn",true,false,"",https://kzn.kalkremont.ru/sitemap.xml,205,205,"self","200 +sitemap","verified:3problems","n/a (–љ–µ—В GSC API-creds)",true,true,present(id?),no,no,137
kalkremont.ru,perm.kalkremont.ru,"kalkremont (–Ї–∞–ї—М–Ї—Г–ї—П—В–Њ—А—Л —А–µ–Љ–Њ–љ—В–∞ вАФ —Д–ї–∞–≥–Љ–∞–љ) ¬Ј perm",true,false,"",https://perm.kalkremont.ru/sitemap.xml,205,205,"self","200 +sitemap","verified:3problems","n/a (–љ–µ—В GSC API-creds)",true,true,present(id?),no,no,136
kalkremont.ru,vlg.kalkremont.ru,"kalkremont (–Ї–∞–ї—М–Ї—Г–ї—П—В–Њ—А—Л —А–µ–Љ–Њ–љ—В–∞ вАФ —Д–ї–∞–≥–Љ–∞–љ) ¬Ј vlg",true,false,"",https://vlg.kalkremont.ru/sitemap.xml,205,205,"self","200 +sitemap","verified:3problems","n/a (–љ–µ—В GSC API-creds)",true,true,present(id?),no,no,136
kalkremont.ru,nn.kalkremont.ru,"kalkremont (–Ї–∞–ї—М–Ї—Г–ї—П—В–Њ—А—Л —А–µ–Љ–Њ–љ—В–∞ вАФ —Д–ї–∞–≥–Љ–∞–љ) ¬Ј nn",true,false,"",https://nn.kalkremont.ru/sitemap.xml,205,205,"self","200 +sitemap","verified:3problems","n/a (–љ–µ—В GSC API-creds)",true,true,present(id?),no,no,135
kalkremont.ru,ekb.kalkremont.ru,"kalkremont (–Ї–∞–ї—М–Ї—Г–ї—П—В–Њ—А—Л —А–µ–Љ–Њ–љ—В–∞ вАФ —Д–ї–∞–≥–Љ–∞–љ) ¬Ј ekb",true,false,"",https://ekb.kalkremont.ru/sitemap.xml,205,205,"self","200 +sitemap","verified:4problems","n/a (–љ–µ—В GSC API-creds)",true,true,present(id?),no,no,134
kalkremont.ru,nsk.kalkremont.ru,"kalkremont (–Ї–∞–ї—М–Ї—Г–ї—П—В–Њ—А—Л —А–µ–Љ–Њ–љ—В–∞ вАФ —Д–ї–∞–≥–Љ–∞–љ) ¬Ј nsk",true,false,"",https://nsk.kalkremont.ru/sitemap.xml,205,205,"self","200 +sitemap","verified:3problems","n/a (–љ–µ—В GSC API-creds)",true,true,present(id?),no,no,134
kalkremont.ru,spb.kalkremont.ru,"kalkremont (–Ї–∞–ї—М–Ї—Г–ї—П—В–Њ—А—Л —А–µ–Љ–Њ–љ—В–∞ вАФ —Д–ї–∞–≥–Љ–∞–љ) ¬Ј spb",true,false,"",https://spb.kalkremont.ru/sitemap.xml,437,437,"self","200 +sitemap","verified:3problems","n/a (–љ–µ—В GSC API-creds)",true,true,present(id?),no,no,131
kalkremont.ru,chel.kalkremont.ru,"kalkremont (–Ї–∞–ї—М–Ї—Г–ї—П—В–Њ—А—Л —А–µ–Љ–Њ–љ—В–∞ вАФ —Д–ї–∞–≥–Љ–∞–љ) ¬Ј chel",true,false,"",https://chel.kalkremont.ru/sitemap.xml,176,176,"self","200 +sitemap","verified:4problems","n/a (–љ–µ—В GSC API-creds)",true,true,present(id?),no,no,128
kalkremont.ru,sam.kalkremont.ru,"kalkremont (–Ї–∞–ї—М–Ї—Г–ї—П—В–Њ—А—Л —А–µ–Љ–Њ–љ—В–∞ вАФ —Д–ї–∞–≥–Љ–∞–љ) ¬Ј sam",true,false,"",https://sam.kalkremont.ru/sitemap.xml,176,176,"self","200 +sitemap","verified:4problems","n/a (–љ–µ—В GSC API-creds)",true,true,present(id?),no,no,128
kalkremont.ru,vrn.kalkremont.ru,"kalkremont (–Ї–∞–ї—М–Ї—Г–ї—П—В–Њ—А—Л —А–µ–Љ–Њ–љ—В–∞ вАФ —Д–ї–∞–≥–Љ–∞–љ) ¬Ј vrn",true,false,"",https://vrn.kalkremont.ru/sitemap.xml,176,176,"self","200 +sitemap","verified:3problems","n/a (–љ–µ—В GSC API-creds)",true,true,present(id?),no,no,127
kalkremont.ru,krd.kalkremont.ru,"kalkremont (–Ї–∞–ї—М–Ї—Г–ї—П—В–Њ—А—Л —А–µ–Љ–Њ–љ—В–∞ вАФ —Д–ї–∞–≥–Љ–∞–љ) ¬Ј krd",true,false,"",https://krd.kalkremont.ru/sitemap.xml,176,176,"self","200 +sitemap","verified:3problems","n/a (–љ–µ—В GSC API-creds)",true,true,present(id?),no,no,126
kalkremont.ru,price.kalkremont.ru,"kalkremont (–Ї–∞–ї—М–Ї—Г–ї—П—В–Њ—А—Л —А–µ–Љ–Њ–љ—В–∞ вАФ —Д–ї–∞–≥–Љ–∞–љ) ¬Ј price",true,false,"",https://price.kalkremont.ru/sitemap.xml,155,155,"self","200 +sitemap","verified:4problems","n/a (–љ–µ—В GSC API-creds)",true,true,present(id?),no,no,122
kalkremont.ru,brn.kalkremont.ru,"kalkremont (–Ї–∞–ї—М–Ї—Г–ї—П—В–Њ—А—Л —А–µ–Љ–Њ–љ—В–∞ вАФ —Д–ї–∞–≥–Љ–∞–љ) ¬Ј brn",true,false,"",https://brn.kalkremont.ru/sitemap.xml,147,147,"self","200 +sitemap","verified:4problems","n/a (–љ–µ—В GSC API-creds)",true,true,present(id?),no,no,116
kalkremont.ru,tyumen.kalkremont.ru,"kalkremont (–Ї–∞–ї—М–Ї—Г–ї—П—В–Њ—А—Л —А–µ–Љ–Њ–љ—В–∞ вАФ —Д–ї–∞–≥–Љ–∞–љ) ¬Ј tyumen",true,false,"",https://tyumen.kalkremont.ru/sitemap.xml,147,147,"self","200 +sitemap","verified:3problems","n/a (–љ–µ—В GSC API-creds)",true,true,present(id?),no,no,115
kamin-zakaz24.ru,kamin-zakaz24.ru,"kamin (–Ї–∞–Љ–Є–љ—Л/–њ–µ—З–Є)",true,false,"",https://kamin-zakaz24.ru/sitemap.xml,250,250,"self","200 +sitemap","http:404","n/a (–љ–µ—В GSC API-creds)",true,false,109456830,yes,no,95
natyazhnoi-master24.ru,natyazhnoi-master24.ru,"natyazhnoi-master24.ru",true,false,"",https://natyazhnoi-master24.ru/sitemap.xml,250,250,"self","200 +sitemap","http:404","n/a (–љ–µ—В GSC API-creds)",true,false,109456824,yes,no,95
okna-pvh-online.ru,okna-pvh-online.ru,"okna-pvh-online.ru",true,false,"",https://okna-pvh-online.ru/sitemap.xml,250,250,"self","200 +sitemap","http:404","n/a (–љ–µ—В GSC API-creds)",true,false,109456825,yes,no,95
dizayn-interyera-online.ru,dizayn-interyera-online.ru,"dizayn (–і–Є–Ј–∞–є–љ –Є–љ—В–µ—А—М–µ—А–∞)",true,false,"",https://dizayn-interyera-online.ru/sitemap.xml,209,209,"self","200 +sitemap","http:404","n/a (–љ–µ—В GSC API-creds)",true,false,109456829,yes,no,87
dveri-stalnye24.ru,dveri-stalnye24.ru,"dveri (—Б—В–∞–ї—М–љ—Л–µ –і–≤–µ—А–Є)",true,false,"",https://dveri-stalnye24.ru/sitemap.xml,209,209,"self","200 +sitemap","http:404","n/a (–љ–µ—В GSC API-creds)",true,false,109456827,yes,no,87
kupeshkafy24.ru,kupeshkafy24.ru,"shkafy (—И–Ї–∞—Д—Л-–Ї—Г–њ–µ)",true,false,"",https://kupeshkafy24.ru/sitemap.xml,209,209,"self","200 +sitemap","http:404","n/a (–љ–µ—В GSC API-creds)",true,false,109456826,yes,no,87
perevodkvartiry.ru,perevodkvartiry.ru,"perevodkvartiry.ru",true,false,"",https://perevodkvartiry.ru/sitemap.xml,209,209,"self","200 +sitemap","http:404","n/a (–љ–µ—В GSC API-creds)",true,false,109456828,yes,no,87
kalkremont.ru,yar.kalkremont.ru,"kalkremont (–Ї–∞–ї—М–Ї—Г–ї—П—В–Њ—А—Л —А–µ–Љ–Њ–љ—В–∞ вАФ —Д–ї–∞–≥–Љ–∞–љ) ¬Ј yar",true,false,"",https://yar.kalkremont.ru/sitemap.xml,31,31,"self","200 DISALLOW-ALL! +sitemap","verified:4problems","n/a (–љ–µ—В GSC API-creds)",true,true,present(id?),no,no,57
kalkremont.ru,izh.kalkremont.ru,"kalkremont (–Ї–∞–ї—М–Ї—Г–ї—П—В–Њ—А—Л —А–µ–Љ–Њ–љ—В–∞ вАФ —Д–ї–∞–≥–Љ–∞–љ) ¬Ј izh",true,false,"",https://izh.kalkremont.ru/sitemap.xml,26,26,"self","200 DISALLOW-ALL! +sitemap","verified:4problems","n/a (–љ–µ—В GSC API-creds)",true,true,present(id?),no,no,52
kalkremont.ru,kem.kalkremont.ru,"kalkremont (–Ї–∞–ї—М–Ї—Г–ї—П—В–Њ—А—Л —А–µ–Љ–Њ–љ—В–∞ вАФ —Д–ї–∞–≥–Љ–∞–љ) ¬Ј kem",true,false,"",https://kem.kalkremont.ru/sitemap.xml,26,26,"self","200 DISALLOW-ALL! +sitemap","verified:4problems","n/a (–љ–µ—В GSC API-creds)",true,true,present(id?),no,no,52
kalkremont.ru,khv.kalkremont.ru,"kalkremont (–Ї–∞–ї—М–Ї—Г–ї—П—В–Њ—А—Л —А–µ–Љ–Њ–љ—В–∞ вАФ —Д–ї–∞–≥–Љ–∞–љ) ¬Ј khv",true,false,"",https://khv.kalkremont.ru/sitemap.xml,26,26,"self","200 DISALLOW-ALL! +sitemap","verified:4problems","n/a (–љ–µ—В GSC API-creds)",true,true,present(id?),no,no,52
kalkremont.ru,sar.kalkremont.ru,"kalkremont (–Ї–∞–ї—М–Ї—Г–ї—П—В–Њ—А—Л —А–µ–Љ–Њ–љ—В–∞ вАФ —Д–ї–∞–≥–Љ–∞–љ) ¬Ј sar",true,false,"",https://sar.kalkremont.ru/sitemap.xml,26,26,"self","200 DISALLOW-ALL! +sitemap","verified:3problems","n/a (–љ–µ—В GSC API-creds)",true,true,present(id?),no,no,52
kalkremont.ru,tul.kalkremont.ru,"kalkremont (–Ї–∞–ї—М–Ї—Г–ї—П—В–Њ—А—Л —А–µ–Љ–Њ–љ—В–∞ вАФ —Д–ї–∞–≥–Љ–∞–љ) ¬Ј tul",true,false,"",https://tul.kalkremont.ru/sitemap.xml,26,26,"self","200 DISALLOW-ALL! +sitemap","verified:4problems","n/a (–љ–µ—В GSC API-creds)",true,true,present(id?),no,no,52
kalkremont.ru,astr.kalkremont.ru,"kalkremont (–Ї–∞–ї—М–Ї—Г–ї—П—В–Њ—А—Л —А–µ–Љ–Њ–љ—В–∞ вАФ —Д–ї–∞–≥–Љ–∞–љ) ¬Ј astr",true,false,"",https://astr.kalkremont.ru/sitemap.xml,21,21,"self","200 DISALLOW-ALL! +sitemap","verified:3problems","n/a (–љ–µ—В GSC API-creds)",true,true,present(id?),no,no,47
kalkremont.ru,irk.kalkremont.ru,"kalkremont (–Ї–∞–ї—М–Ї—Г–ї—П—В–Њ—А—Л —А–µ–Љ–Њ–љ—В–∞ вАФ —Д–ї–∞–≥–Љ–∞–љ) ¬Ј irk",true,false,"",https://irk.kalkremont.ru/sitemap.xml,21,21,"self","200 DISALLOW-ALL! +sitemap","verified:4problems","n/a (–љ–µ—В GSC API-creds)",true,true,present(id?),no,no,47
kalkremont.ru,kir.kalkremont.ru,"kalkremont (–Ї–∞–ї—М–Ї—Г–ї—П—В–Њ—А—Л —А–µ–Љ–Њ–љ—В–∞ вАФ —Д–ї–∞–≥–Љ–∞–љ) ¬Ј kir",true,false,"",https://kir.kalkremont.ru/sitemap.xml,21,21,"self","200 DISALLOW-ALL! +sitemap","verified:4problems","n/a (–љ–µ—В GSC API-creds)",true,true,present(id?),no,no,47
kalkremont.ru,kld.kalkremont.ru,"kalkremont (–Ї–∞–ї—М–Ї—Г–ї—П—В–Њ—А—Л —А–µ–Љ–Њ–љ—В–∞ вАФ —Д–ї–∞–≥–Љ–∞–љ) ¬Ј kld",true,false,"",https://kld.kalkremont.ru/sitemap.xml,21,21,"self","200 DISALLOW-ALL! +sitemap","verified:4problems","n/a (–љ–µ—В GSC API-creds)",true,true,present(id?),no,no,47
kalkremont.ru,lpk.kalkremont.ru,"kalkremont (–Ї–∞–ї—М–Ї—Г–ї—П—В–Њ—А—Л —А–µ–Љ–Њ–љ—В–∞ вАФ —Д–ї–∞–≥–Љ–∞–љ) ¬Ј lpk",true,false,"",https://lpk.kalkremont.ru/sitemap.xml,21,21,"self","200 DISALLOW-ALL! +sitemap","verified:3problems","n/a (–љ–µ—В GSC API-creds)",true,true,present(id?),no,no,47
kalkremont.ru,oren.kalkremont.ru,"kalkremont (–Ї–∞–ї—М–Ї—Г–ї—П—В–Њ—А—Л —А–µ–Љ–Њ–љ—В–∞ вАФ —Д–ї–∞–≥–Љ–∞–љ) ¬Ј oren",true,false,"",https://oren.kalkremont.ru/sitemap.xml,21,21,"self","200 DISALLOW-ALL! +sitemap","verified:4problems","n/a (–љ–µ—В GSC API-creds)",true,true,present(id?),no,no,47
kalkremont.ru,pnz.kalkremont.ru,"kalkremont (–Ї–∞–ї—М–Ї—Г–ї—П—В–Њ—А—Л —А–µ–Љ–Њ–љ—В–∞ вАФ —Д–ї–∞–≥–Љ–∞–љ) ¬Ј pnz",true,false,"",https://pnz.kalkremont.ru/sitemap.xml,21,21,"self","200 DISALLOW-ALL! +sitemap","verified:4problems","n/a (–љ–µ—В GSC API-creds)",true,true,present(id?),no,no,47
kalkremont.ru,rzn.kalkremont.ru,"kalkremont (–Ї–∞–ї—М–Ї—Г–ї—П—В–Њ—А—Л —А–µ–Љ–Њ–љ—В–∞ вАФ —Д–ї–∞–≥–Љ–∞–љ) ¬Ј rzn",true,false,"",https://rzn.kalkremont.ru/sitemap.xml,21,21,"self","200 DISALLOW-ALL! +sitemap","verified:4problems","n/a (–љ–µ—В GSC API-creds)",true,true,present(id?),no,no,47
kalkremont.ru,vvo.kalkremont.ru,"kalkremont (–Ї–∞–ї—М–Ї—Г–ї—П—В–Њ—А—Л —А–µ–Љ–Њ–љ—В–∞ вАФ —Д–ї–∞–≥–Љ–∞–љ) ¬Ј vvo",true,false,"",https://vvo.kalkremont.ru/sitemap.xml,21,21,"self","200 DISALLOW-ALL! +sitemap","verified:4problems","n/a (–љ–µ—В GSC API-creds)",true,true,present(id?),no,no,47
kalkremont.ru,cbx.kalkremont.ru,"kalkremont (–Ї–∞–ї—М–Ї—Г–ї—П—В–Њ—А—Л —А–µ–Љ–Њ–љ—В–∞ вАФ —Д–ї–∞–≥–Љ–∞–љ) ¬Ј cbx",true,false,"",https://cbx.kalkremont.ru/sitemap.xml,16,16,"self","200 DISALLOW-ALL! +sitemap","verified:4problems","n/a (–љ–µ—В GSC API-creds)",true,true,present(id?),no,no,41
kalkremont.ru,tlt.kalkremont.ru,"kalkremont (–Ї–∞–ї—М–Ї—Г–ї—П—В–Њ—А—Л —А–µ–Љ–Њ–љ—В–∞ вАФ —Д–ї–∞–≥–Љ–∞–љ) ¬Ј tlt",true,false,"",https://tlt.kalkremont.ru/sitemap.xml,16,16,"self","200 DISALLOW-ALL! +sitemap","verified:3problems","n/a (–љ–µ—В GSC API-creds)",true,true,present(id?),no,no,41
kalkremont.ru,sovety.kalkremont.ru,"kalkremont (–Ї–∞–ї—М–Ї—Г–ї—П—В–Њ—А—Л —А–µ–Љ–Њ–љ—В–∞ вАФ —Д–ї–∞–≥–Љ–∞–љ) ¬Ј sovety",true,false,"",https://sovety.kalkremont.ru/sitemap.xml,11,11,"self","200 +sitemap","verified:3problems","n/a (–љ–µ—В GSC API-creds)",true,true,present(id?),no,no,32
ipoteka-remont.ru,brn.ipoteka-remont.ru,"ipoteka-remont (–Є–њ–Њ—В–µ–Ї–∞ + —А–µ–Љ–Њ–љ—В) ¬Ј brn",true,false,"",https://brn.ipoteka-remont.ru/sitemap.xml,5,5,"self","200 +sitemap","http:404","n/a (–љ–µ—В GSC API-creds)",true,false,,yes,no,15
kuhni-zakaz-online.ru,brn.kuhni-zakaz-online.ru,"kuhni (–Ї—Г—Е–љ–Є –љ–∞ –Ј–∞–Ї–∞–Ј) ¬Ј brn",true,false,"",https://brn.kuhni-zakaz-online.ru/sitemap.xml,5,5,"self","200 +sitemap","http:404","n/a (–љ–µ—В GSC API-creds)",true,false,,yes,no,15
ipoteka-remont.ru,chel.ipoteka-remont.ru,"ipoteka-remont (–Є–њ–Њ—В–µ–Ї–∞ + —А–µ–Љ–Њ–љ—В) ¬Ј chel",true,false,"",https://chel.ipoteka-remont.ru/sitemap.xml,5,5,"self","200 +sitemap","http:404","n/a (–љ–µ—В GSC API-creds)",true,false,,yes,no,15
kuhni-zakaz-online.ru,chel.kuhni-zakaz-online.ru,"kuhni (–Ї—Г—Е–љ–Є –љ–∞ –Ј–∞–Ї–∞–Ј) ¬Ј chel",true,false,"",https://chel.kuhni-zakaz-online.ru/sitemap.xml,5,5,"self","200 +sitemap","http:404","n/a (–љ–µ—В GSC API-creds)",true,false,,yes,no,15
dom-stroy-online.ru,ekb.dom-stroy-online.ru,"dom-stroy (—Б—В—А–Њ–Є—В–µ–ї—М—Б—В–≤–Њ –і–Њ–Љ–Њ–≤) ¬Ј ekb",true,false,"",https://ekb.dom-stroy-online.ru/sitemap.xml,5,5,"self","200 +sitemap","http:404","n/a (–љ–µ—В GSC API-creds)",true,false,,yes,no,15
ipoteka-remont.ru,ekb.ipoteka-remont.ru,"ipoteka-remont (–Є–њ–Њ—В–µ–Ї–∞ + —А–µ–Љ–Њ–љ—В) ¬Ј ekb",true,false,"",https://ekb.ipoteka-remont.ru/sitemap.xml,5,5,"self","200 +sitemap","http:404","n/a (–љ–µ—В GSC API-creds)",true,false,,yes,no,15
kuhni-zakaz-online.ru,ekb.kuhni-zakaz-online.ru,"kuhni (–Ї—Г—Е–љ–Є –љ–∞ –Ј–∞–Ї–∞–Ј) ¬Ј ekb",true,false,"",https://ekb.kuhni-zakaz-online.ru/sitemap.xml,5,5,"self","200 +sitemap","http:404","n/a (–љ–µ—В GSC API-creds)",true,false,,yes,no,15
dom-stroy-online.ru,krd.dom-stroy-online.ru,"dom-stroy (—Б—В—А–Њ–Є—В–µ–ї—М—Б—В–≤–Њ –і–Њ–Љ–Њ–≤) ¬Ј krd",true,false,"",https://krd.dom-stroy-online.ru/sitemap.xml,5,5,"self","200 +sitemap","http:404","n/a (–љ–µ—В GSC API-creds)",true,false,,yes,no,15
ipoteka-remont.ru,krd.ipoteka-remont.ru,"ipoteka-remont (–Є–њ–Њ—В–µ–Ї–∞ + —А–µ–Љ–Њ–љ—В) ¬Ј krd",true,false,"",https://krd.ipoteka-remont.ru/sitemap.xml,5,5,"self","200 +sitemap","http:404","n/a (–љ–µ—В GSC API-creds)",true,false,,yes,no,15
kuhni-zakaz-online.ru,krd.kuhni-zakaz-online.ru,"kuhni (–Ї—Г—Е–љ–Є –љ–∞ –Ј–∞–Ї–∞–Ј) ¬Ј krd",true,false,"",https://krd.kuhni-zakaz-online.ru/sitemap.xml,5,5,"self","200 +sitemap","http:404","n/a (–љ–µ—В GSC API-creds)",true,false,,yes,no,15
dom-stroy-online.ru,kzn.dom-stroy-online.ru,"dom-stroy (—Б—В—А–Њ–Є—В–µ–ї—М—Б—В–≤–Њ –і–Њ–Љ–Њ–≤) ¬Ј kzn",true,false,"",https://kzn.dom-stroy-online.ru/sitemap.xml,5,5,"self","200 +sitemap","http:404","n/a (–љ–µ—В GSC API-creds)",true,false,,yes,no,15
ipoteka-remont.ru,kzn.ipoteka-remont.ru,"ipoteka-remont (–Є–њ–Њ—В–µ–Ї–∞ + —А–µ–Љ–Њ–љ—В) ¬Ј kzn",true,false,"",https://kzn.ipoteka-remont.ru/sitemap.xml,5,5,"self","200 +sitemap","http:404","n/a (–љ–µ—В GSC API-creds)",true,false,,yes,no,15
kuhni-zakaz-online.ru,kzn.kuhni-zakaz-online.ru,"kuhni (–Ї—Г—Е–љ–Є –љ–∞ –Ј–∞–Ї–∞–Ј) ¬Ј kzn",true,false,"",https://kzn.kuhni-zakaz-online.ru/sitemap.xml,5,5,"self","200 +sitemap","http:404","n/a (–љ–µ—В GSC API-creds)",true,false,,yes,no,15
dom-stroy-online.ru,moskva.dom-stroy-online.ru,"dom-stroy (—Б—В—А–Њ–Є—В–µ–ї—М—Б—В–≤–Њ –і–Њ–Љ–Њ–≤) ¬Ј moskva",true,false,"",https://moskva.dom-stroy-online.ru/sitemap.xml,5,5,"self","200 +sitemap","http:404","n/a (–љ–µ—В GSC API-creds)",true,false,,yes,no,15
ipoteka-remont.ru,moskva.ipoteka-remont.ru,"ipoteka-remont (–Є–њ–Њ—В–µ–Ї–∞ + —А–µ–Љ–Њ–љ—В) ¬Ј moskva",true,false,"",https://moskva.ipoteka-remont.ru/sitemap.xml,5,5,"self","200 +sitemap","http:404","n/a (–љ–µ—В GSC API-creds)",true,false,,yes,no,15
kuhni-zakaz-online.ru,moskva.kuhni-zakaz-online.ru,"kuhni (–Ї—Г—Е–љ–Є –љ–∞ –Ј–∞–Ї–∞–Ј) ¬Ј moskva",true,false,"",https://moskva.kuhni-zakaz-online.ru/sitemap.xml,5,5,"self","200 +sitemap","http:404","n/a (–љ–µ—В GSC API-creds)",true,false,,yes,no,15
dom-stroy-online.ru,nn.dom-stroy-online.ru,"dom-stroy (—Б—В—А–Њ–Є—В–µ–ї—М—Б—В–≤–Њ –і–Њ–Љ–Њ–≤) ¬Ј nn",true,false,"",https://nn.dom-stroy-online.ru/sitemap.xml,5,5,"self","200 +sitemap","http:404","n/a (–љ–µ—В GSC API-creds)",true,false,,yes,no,15
ipoteka-remont.ru,nn.ipoteka-remont.ru,"ipoteka-remont (–Є–њ–Њ—В–µ–Ї–∞ + —А–µ–Љ–Њ–љ—В) ¬Ј nn",true,false,"",https://nn.ipoteka-remont.ru/sitemap.xml,5,5,"self","200 +sitemap","http:404","n/a (–љ–µ—В GSC API-creds)",true,false,,yes,no,15
kuhni-zakaz-online.ru,nn.kuhni-zakaz-online.ru,"kuhni (–Ї—Г—Е–љ–Є –љ–∞ –Ј–∞–Ї–∞–Ј) ¬Ј nn",true,false,"",https://nn.kuhni-zakaz-online.ru/sitemap.xml,5,5,"self","200 +sitemap","http:404","n/a (–љ–µ—В GSC API-creds)",true,false,,yes,no,15
dom-stroy-online.ru,nsk.dom-stroy-online.ru,"dom-stroy (—Б—В—А–Њ–Є—В–µ–ї—М—Б—В–≤–Њ –і–Њ–Љ–Њ–≤) ¬Ј nsk",true,false,"",https://nsk.dom-stroy-online.ru/sitemap.xml,5,5,"self","200 +sitemap","http:404","n/a (–љ–µ—В GSC API-creds)",true,false,,yes,no,15
ipoteka-remont.ru,nsk.ipoteka-remont.ru,"ipoteka-remont (–Є–њ–Њ—В–µ–Ї–∞ + —А–µ–Љ–Њ–љ—В) ¬Ј nsk",true,false,"",https://nsk.ipoteka-remont.ru/sitemap.xml,5,5,"self","200 +sitemap","http:404","n/a (–љ–µ—В GSC API-creds)",true,false,,yes,no,15
kuhni-zakaz-online.ru,nsk.kuhni-zakaz-online.ru,"kuhni (–Ї—Г—Е–љ–Є –љ–∞ –Ј–∞–Ї–∞–Ј) ¬Ј nsk",true,false,"",https://nsk.kuhni-zakaz-online.ru/sitemap.xml,5,5,"self","200 +sitemap","http:404","n/a (–љ–µ—В GSC API-creds)",true,false,,yes,no,15
ipoteka-remont.ru,perm.ipoteka-remont.ru,"ipoteka-remont (–Є–њ–Њ—В–µ–Ї–∞ + —А–µ–Љ–Њ–љ—В) ¬Ј perm",true,false,"",https://perm.ipoteka-remont.ru/sitemap.xml,5,5,"self","200 +sitemap","http:404","n/a (–љ–µ—В GSC API-creds)",true,false,,yes,no,15
kuhni-zakaz-online.ru,perm.kuhni-zakaz-online.ru,"kuhni (–Ї—Г—Е–љ–Є –љ–∞ –Ј–∞–Ї–∞–Ј) ¬Ј perm",true,false,"",https://perm.kuhni-zakaz-online.ru/sitemap.xml,5,5,"self","200 +sitemap","http:404","n/a (–љ–µ—В GSC API-creds)",true,false,,yes,no,15
ipoteka-remont.ru,rnd.ipoteka-remont.ru,"ipoteka-remont (–Є–њ–Њ—В–µ–Ї–∞ + —А–µ–Љ–Њ–љ—В) ¬Ј rnd",true,false,"",https://rnd.ipoteka-remont.ru/sitemap.xml,5,5,"self","200 +sitemap","http:404","n/a (–љ–µ—В GSC API-creds)",true,false,,yes,no,15
kuhni-zakaz-online.ru,rnd.kuhni-zakaz-online.ru,"kuhni (–Ї—Г—Е–љ–Є –љ–∞ –Ј–∞–Ї–∞–Ј) ¬Ј rnd",true,false,"",https://rnd.kuhni-zakaz-online.ru/sitemap.xml,5,5,"self","200 +sitemap","http:404","n/a (–љ–µ—В GSC API-creds)",true,false,,yes,no,15
ipoteka-remont.ru,sam.ipoteka-remont.ru,"ipoteka-remont (–Є–њ–Њ—В–µ–Ї–∞ + —А–µ–Љ–Њ–љ—В) ¬Ј sam",true,false,"",https://sam.ipoteka-remont.ru/sitemap.xml,5,5,"self","200 +sitemap","http:404","n/a (–љ–µ—В GSC API-creds)",true,false,,yes,no,15
kuhni-zakaz-online.ru,sam.kuhni-zakaz-online.ru,"kuhni (–Ї—Г—Е–љ–Є –љ–∞ –Ј–∞–Ї–∞–Ј) ¬Ј sam",true,false,"",https://sam.kuhni-zakaz-online.ru/sitemap.xml,5,5,"self","200 +sitemap","http:404","n/a (–љ–µ—В GSC API-creds)",true,false,,yes,no,15
dom-stroy-online.ru,spb.dom-stroy-online.ru,"dom-stroy (—Б—В—А–Њ–Є—В–µ–ї—М—Б—В–≤–Њ –і–Њ–Љ–Њ–≤) ¬Ј spb",true,false,"",https://spb.dom-stroy-online.ru/sitemap.xml,5,5,"self","200 +sitemap","http:404","n/a (–љ–µ—В GSC API-creds)",true,false,,yes,no,15
ipoteka-remont.ru,spb.ipoteka-remont.ru,"ipoteka-remont (–Є–њ–Њ—В–µ–Ї–∞ + —А–µ–Љ–Њ–љ—В) ¬Ј spb",true,false,"",https://spb.ipoteka-remont.ru/sitemap.xml,5,5,"self","200 +sitemap","http:404","n/a (–љ–µ—В GSC API-creds)",true,false,,yes,no,15
kuhni-zakaz-online.ru,spb.kuhni-zakaz-online.ru,"kuhni (–Ї—Г—Е–љ–Є –љ–∞ –Ј–∞–Ї–∞–Ј) ¬Ј spb",true,false,"",https://spb.kuhni-zakaz-online.ru/sitemap.xml,5,5,"self","200 +sitemap","http:404","n/a (–љ–µ—В GSC API-creds)",true,false,,yes,no,15
ipoteka-remont.ru,tyumen.ipoteka-remont.ru,"ipoteka-remont (–Є–њ–Њ—В–µ–Ї–∞ + —А–µ–Љ–Њ–љ—В) ¬Ј tyumen",true,false,"",https://tyumen.ipoteka-remont.ru/sitemap.xml,5,5,"self","200 +sitemap","http:404","n/a (–љ–µ—В GSC API-creds)",true,false,,yes,no,15
kuhni-zakaz-online.ru,tyumen.kuhni-zakaz-online.ru,"kuhni (–Ї—Г—Е–љ–Є –љ–∞ –Ј–∞–Ї–∞–Ј) ¬Ј tyumen",true,false,"",https://tyumen.kuhni-zakaz-online.ru/sitemap.xml,5,5,"self","200 +sitemap","http:404","n/a (–љ–µ—В GSC API-creds)",true,false,,yes,no,15
ipoteka-remont.ru,ufa.ipoteka-remont.ru,"ipoteka-remont (–Є–њ–Њ—В–µ–Ї–∞ + —А–µ–Љ–Њ–љ—В) ¬Ј ufa",true,false,"",https://ufa.ipoteka-remont.ru/sitemap.xml,5,5,"self","200 +sitemap","http:404","n/a (–љ–µ—В GSC API-creds)",true,false,,yes,no,15
kuhni-zakaz-online.ru,ufa.kuhni-zakaz-online.ru,"kuhni (–Ї—Г—Е–љ–Є –љ–∞ –Ј–∞–Ї–∞–Ј) ¬Ј ufa",true,false,"",https://ufa.kuhni-zakaz-online.ru/sitemap.xml,5,5,"self","200 +sitemap","http:404","n/a (–љ–µ—В GSC API-creds)",true,false,,yes,no,15
ipoteka-remont.ru,vlg.ipoteka-remont.ru,"ipoteka-remont (–Є–њ–Њ—В–µ–Ї–∞ + —А–µ–Љ–Њ–љ—В) ¬Ј vlg",true,false,"",https://vlg.ipoteka-remont.ru/sitemap.xml,5,5,"self","200 +sitemap","http:404","n/a (–љ–µ—В GSC API-creds)",true,false,,yes,no,15
kuhni-zakaz-online.ru,vlg.kuhni-zakaz-online.ru,"kuhni (–Ї—Г—Е–љ–Є –љ–∞ –Ј–∞–Ї–∞–Ј) ¬Ј vlg",true,false,"",https://vlg.kuhni-zakaz-online.ru/sitemap.xml,5,5,"self","200 +sitemap","http:404","n/a (–љ–µ—В GSC API-creds)",true,false,,yes,no,15
ipoteka-remont.ru,vrn.ipoteka-remont.ru,"ipoteka-remont (–Є–њ–Њ—В–µ–Ї–∞ + —А–µ–Љ–Њ–љ—В) ¬Ј vrn",true,false,"",https://vrn.ipoteka-remont.ru/sitemap.xml,5,5,"self","200 +sitemap","http:404","n/a (–љ–µ—В GSC API-creds)",true,false,,yes,no,15
kuhni-zakaz-online.ru,vrn.kuhni-zakaz-online.ru,"kuhni (–Ї—Г—Е–љ–Є –љ–∞ –Ј–∞–Ї–∞–Ј) ¬Ј vrn",true,false,"",https://vrn.kuhni-zakaz-online.ru/sitemap.xml,5,5,"self","200 +sitemap","http:404","n/a (–љ–µ—В GSC API-creds)",true,false,,yes,no,15
kalkremont.ru,brand.kalkremont.ru,"kalkremont (–Ї–∞–ї—М–Ї—Г–ї—П—В–Њ—А—Л —А–µ–Љ–Њ–љ—В–∞ вАФ —Д–ї–∞–≥–Љ–∞–љ) ¬Ј brand",true,false,"",https://brand.kalkremont.ru/sitemap.xml,9,9,"self","200 +sitemap","verified:4problems","n/a (–љ–µ—В GSC API-creds)",true,true,present(id?),no,no,12
dom-stroy-online.ru,brn.dom-stroy-online.ru,"dom-stroy (—Б—В—А–Њ–Є—В–µ–ї—М—Б—В–≤–Њ –і–Њ–Љ–Њ–≤) ¬Ј brn",true,false,"",https://brn.dom-stroy-online.ru/sitemap.xml,0,0,"self","http:403","http:404","n/a (–љ–µ—В GSC API-creds)",true,false,,no,no,6
dom-stroy-online.ru,chel.dom-stroy-online.ru,"dom-stroy (—Б—В—А–Њ–Є—В–µ–ї—М—Б—В–≤–Њ –і–Њ–Љ–Њ–≤) ¬Ј chel",true,false,"",https://chel.dom-stroy-online.ru/sitemap.xml,0,0,"self","http:403","http:404","n/a (–љ–µ—В GSC API-creds)",true,false,,no,no,6
dom-stroy-online.ru,perm.dom-stroy-online.ru,"dom-stroy (—Б—В—А–Њ–Є—В–µ–ї—М—Б—В–≤–Њ –і–Њ–Љ–Њ–≤) ¬Ј perm",true,false,"",https://perm.dom-stroy-online.ru/sitemap.xml,0,0,"self","http:403","http:404","n/a (–љ–µ—В GSC API-creds)",true,false,,no,no,6
dom-stroy-online.ru,rnd.dom-stroy-online.ru,"dom-stroy (—Б—В—А–Њ–Є—В–µ–ї—М—Б—В–≤–Њ –і–Њ–Љ–Њ–≤) ¬Ј rnd",true,false,"",https://rnd.dom-stroy-online.ru/sitemap.xml,0,0,"self","http:403","http:404","n/a (–љ–µ—В GSC API-creds)",true,false,,no,no,6
dom-stroy-online.ru,sam.dom-stroy-online.ru,"dom-stroy (—Б—В—А–Њ–Є—В–µ–ї—М—Б—В–≤–Њ –і–Њ–Љ–Њ–≤) ¬Ј sam",true,false,"",https://sam.dom-stroy-online.ru/sitemap.xml,0,0,"self","http:403","http:404","n/a (–љ–µ—В GSC API-creds)",true,false,,no,no,6
dom-stroy-online.ru,tyumen.dom-stroy-online.ru,"dom-stroy (—Б—В—А–Њ–Є—В–µ–ї—М—Б—В–≤–Њ –і–Њ–Љ–Њ–≤) ¬Ј tyumen",true,false,"",https://tyumen.dom-stroy-online.ru/sitemap.xml,0,0,"self","http:403","http:404","n/a (–љ–µ—В GSC API-creds)",true,false,,no,no,6
dom-stroy-online.ru,ufa.dom-stroy-online.ru,"dom-stroy (—Б—В—А–Њ–Є—В–µ–ї—М—Б—В–≤–Њ –і–Њ–Љ–Њ–≤) ¬Ј ufa",true,false,"",https://ufa.dom-stroy-online.ru/sitemap.xml,0,0,"self","http:403","http:404","n/a (–љ–µ—В GSC API-creds)",true,false,,no,no,6
dom-stroy-online.ru,vlg.dom-stroy-online.ru,"dom-stroy (—Б—В—А–Њ–Є—В–µ–ї—М—Б—В–≤–Њ –і–Њ–Љ–Њ–≤) ¬Ј vlg",true,false,"",https://vlg.dom-stroy-online.ru/sitemap.xml,0,0,"self","http:403","http:404","n/a (–љ–µ—В GSC API-creds)",true,false,,no,no,6
dom-stroy-online.ru,vrn.dom-stroy-online.ru,"dom-stroy (—Б—В—А–Њ–Є—В–µ–ї—М—Б—В–≤–Њ –і–Њ–Љ–Њ–≤) ¬Ј vrn",true,false,"",https://vrn.dom-stroy-online.ru/sitemap.xml,0,0,"self","http:403","http:404","n/a (–љ–µ—В GSC API-creds)",true,false,,no,no,6
dizayn-interyera-online.ru,brn.dizayn-interyera-online.ru,"dizayn (–і–Є–Ј–∞–є–љ –Є–љ—В–µ—А—М–µ—А–∞) ¬Ј brn",false,true,"canonicalвЖТdizayn-interyera-online.ru; sitemapвЖТdizayn-interyera-online.ru; indexnow-422",https://brn.dizayn-interyera-online.ru/sitemap.xml,209,0,"crossвЖТdizayn-interyera-online.ru","n/a","http:404","n/a (–љ–µ—В GSC API-creds)",false,false,,n/a,n/a,0
dveri-stalnye24.ru,brn.dveri-stalnye24.ru,"dveri (—Б—В–∞–ї—М–љ—Л–µ –і–≤–µ—А–Є) ¬Ј brn",false,true,"canonicalвЖТdveri-stalnye24.ru; sitemapвЖТdveri-stalnye24.ru; indexnow-422",https://brn.dveri-stalnye24.ru/sitemap.xml,209,0,"crossвЖТdveri-stalnye24.ru","n/a","http:404","n/a (–љ–µ—В GSC API-creds)",false,false,,n/a,n/a,0
kamin-zakaz24.ru,brn.kamin-zakaz24.ru,"kamin (–Ї–∞–Љ–Є–љ—Л/–њ–µ—З–Є) ¬Ј brn",false,true,"canonicalвЖТkamin-zakaz24.ru; sitemapвЖТkamin-zakaz24.ru; indexnow-422",https://brn.kamin-zakaz24.ru/sitemap.xml,250,0,"crossвЖТkamin-zakaz24.ru","n/a","http:404","n/a (–љ–µ—В GSC API-creds)",false,false,,n/a,n/a,0
kupeshkafy24.ru,brn.kupeshkafy24.ru,"shkafy (—И–Ї–∞—Д—Л-–Ї—Г–њ–µ) ¬Ј brn",false,true,"canonicalвЖТkupeshkafy24.ru; sitemapвЖТkupeshkafy24.ru; indexnow-422",https://brn.kupeshkafy24.ru/sitemap.xml,209,0,"crossвЖТkupeshkafy24.ru","n/a","http:404","n/a (–љ–µ—В GSC API-creds)",false,false,,n/a,n/a,0
natyazhnoi-master24.ru,brn.natyazhnoi-master24.ru,"natyazhnoi-master24.ru ¬Ј brn",false,true,"canonicalвЖТnatyazhnoi-master24.ru; sitemapвЖТnatyazhnoi-master24.ru; indexnow-422",https://brn.natyazhnoi-master24.ru/sitemap.xml,250,0,"crossвЖТnatyazhnoi-master24.ru","n/a","http:404","n/a (–љ–µ—В GSC API-creds)",false,false,,n/a,n/a,0
okna-pvh-online.ru,brn.okna-pvh-online.ru,"okna-pvh-online.ru ¬Ј brn",false,true,"canonicalвЖТokna-pvh-online.ru; sitemapвЖТokna-pvh-online.ru; indexnow-422",https://brn.okna-pvh-online.ru/sitemap.xml,250,0,"crossвЖТokna-pvh-online.ru","n/a","http:404","n/a (–љ–µ—В GSC API-creds)",false,false,,n/a,n/a,0
perevodkvartiry.ru,brn.perevodkvartiry.ru,"perevodkvartiry.ru ¬Ј brn",false,true,"canonicalвЖТperevodkvartiry.ru; sitemapвЖТperevodkvartiry.ru; indexnow-422",https://brn.perevodkvartiry.ru/sitemap.xml,209,0,"crossвЖТperevodkvartiry.ru","n/a","http:404","n/a (–љ–µ—В GSC API-creds)",false,false,,n/a,n/a,0
dizayn-interyera-online.ru,chel.dizayn-interyera-online.ru,"dizayn (–і–Є–Ј–∞–є–љ –Є–љ—В–µ—А—М–µ—А–∞) ¬Ј chel",false,true,"canonicalвЖТdizayn-interyera-online.ru; sitemapвЖТdizayn-interyera-online.ru; indexnow-422",https://chel.dizayn-interyera-online.ru/sitemap.xml,209,0,"crossвЖТdizayn-interyera-online.ru","n/a","http:404","n/a (–љ–µ—В GSC API-creds)",false,false,,n/a,n/a,0
dveri-stalnye24.ru,chel.dveri-stalnye24.ru,"dveri (—Б—В–∞–ї—М–љ—Л–µ –і–≤–µ—А–Є) ¬Ј chel",false,true,"canonicalвЖТdveri-stalnye24.ru; sitemapвЖТdveri-stalnye24.ru; indexnow-422",https://chel.dveri-stalnye24.ru/sitemap.xml,209,0,"crossвЖТdveri-stalnye24.ru","n/a","http:404","n/a (–љ–µ—В GSC API-creds)",false,false,,n/a,n/a,0
kamin-zakaz24.ru,chel.kamin-zakaz24.ru,"kamin (–Ї–∞–Љ–Є–љ—Л/–њ–µ—З–Є) ¬Ј chel",false,true,"canonicalвЖТkamin-zakaz24.ru; sitemapвЖТkamin-zakaz24.ru; indexnow-422",https://chel.kamin-zakaz24.ru/sitemap.xml,250,0,"crossвЖТkamin-zakaz24.ru","n/a","http:404","n/a (–љ–µ—В GSC API-creds)",false,false,,n/a,n/a,0
kupeshkafy24.ru,chel.kupeshkafy24.ru,"shkafy (—И–Ї–∞—Д—Л-–Ї—Г–њ–µ) ¬Ј chel",false,true,"canonicalвЖТkupeshkafy24.ru; sitemapвЖТkupeshkafy24.ru; indexnow-422",https://chel.kupeshkafy24.ru/sitemap.xml,209,0,"crossвЖТkupeshkafy24.ru","n/a","http:404","n/a (–љ–µ—В GSC API-creds)",false,false,,n/a,n/a,0
natyazhnoi-master24.ru,chel.natyazhnoi-master24.ru,"natyazhnoi-master24.ru ¬Ј chel",false,true,"canonicalвЖТnatyazhnoi-master24.ru; sitemapвЖТnatyazhnoi-master24.ru; indexnow-422",https://chel.natyazhnoi-master24.ru/sitemap.xml,250,0,"crossвЖТnatyazhnoi-master24.ru","n/a","http:404","n/a (–љ–µ—В GSC API-creds)",false,false,,n/a,n/a,0
okna-pvh-online.ru,chel.okna-pvh-online.ru,"okna-pvh-online.ru ¬Ј chel",false,true,"canonicalвЖТokna-pvh-online.ru; sitemapвЖТokna-pvh-online.ru; indexnow-422",https://chel.okna-pvh-online.ru/sitemap.xml,250,0,"crossвЖТokna-pvh-online.ru","n/a","http:404","n/a (–љ–µ—В GSC API-creds)",false,false,,n/a,n/a,0
perevodkvartiry.ru,chel.perevodkvartiry.ru,"perevodkvartiry.ru ¬Ј chel",false,true,"canonicalвЖТperevodkvartiry.ru; sitemapвЖТperevodkvartiry.ru; indexnow-422",https://chel.perevodkvartiry.ru/sitemap.xml,209,0,"crossвЖТperevodkvartiry.ru","n/a","http:404","n/a (–љ–µ—В GSC API-creds)",false,false,,n/a,n/a,0
dom-stroy-online.ru,dom-stroy-online.ru,"dom-stroy (—Б—В—А–Њ–Є—В–µ–ї—М—Б—В–≤–Њ –і–Њ–Љ–Њ–≤)",false,true,"canonicalвЖТmoskva.dom-stroy-online.ru; sitemapвЖТmoskva.dom-stroy-online.ru; indexnow-422",https://dom-stroy-online.ru/sitemap.xml,5,0,"crossвЖТmoskva.dom-stroy-online.ru","n/a","http:404","n/a (–љ–µ—В GSC API-creds)",false,false,,n/a,n/a,0
dizayn-interyera-online.ru,ekb.dizayn-interyera-online.ru,"dizayn (–і–Є–Ј–∞–є–љ –Є–љ—В–µ—А—М–µ—А–∞) ¬Ј ekb",false,true,"canonicalвЖТdizayn-interyera-online.ru; sitemapвЖТdizayn-interyera-online.ru; indexnow-422",https://ekb.dizayn-interyera-online.ru/sitemap.xml,209,0,"crossвЖТdizayn-interyera-online.ru","n/a","http:404","n/a (–љ–µ—В GSC API-creds)",false,false,,n/a,n/a,0
dveri-stalnye24.ru,ekb.dveri-stalnye24.ru,"dveri (—Б—В–∞–ї—М–љ—Л–µ –і–≤–µ—А–Є) ¬Ј ekb",false,true,"canonicalвЖТdveri-stalnye24.ru; sitemapвЖТdveri-stalnye24.ru; indexnow-422",https://ekb.dveri-stalnye24.ru/sitemap.xml,209,0,"crossвЖТdveri-stalnye24.ru","n/a","http:404","n/a (–љ–µ—В GSC API-creds)",false,false,,n/a,n/a,0
kamin-zakaz24.ru,ekb.kamin-zakaz24.ru,"kamin (–Ї–∞–Љ–Є–љ—Л/–њ–µ—З–Є) ¬Ј ekb",false,true,"canonicalвЖТkamin-zakaz24.ru; sitemapвЖТkamin-zakaz24.ru; indexnow-422",https://ekb.kamin-zakaz24.ru/sitemap.xml,250,0,"crossвЖТkamin-zakaz24.ru","n/a","http:404","n/a (–љ–µ—В GSC API-creds)",false,false,,n/a,n/a,0
kupeshkafy24.ru,ekb.kupeshkafy24.ru,"shkafy (—И–Ї–∞—Д—Л-–Ї—Г–њ–µ) ¬Ј ekb",false,true,"canonicalвЖТkupeshkafy24.ru; sitemapвЖТkupeshkafy24.ru; indexnow-422",https://ekb.kupeshkafy24.ru/sitemap.xml,209,0,"crossвЖТkupeshkafy24.ru","n/a","http:404","n/a (–љ–µ—В GSC API-creds)",false,false,,n/a,n/a,0
natyazhnoi-master24.ru,ekb.natyazhnoi-master24.ru,"natyazhnoi-master24.ru ¬Ј ekb",false,true,"canonicalвЖТnatyazhnoi-master24.ru; sitemapвЖТnatyazhnoi-master24.ru; indexnow-422",https://ekb.natyazhnoi-master24.ru/sitemap.xml,250,0,"crossвЖТnatyazhnoi-master24.ru","n/a","http:404","n/a (–љ–µ—В GSC API-creds)",false,false,,n/a,n/a,0
okna-pvh-online.ru,ekb.okna-pvh-online.ru,"okna-pvh-online.ru ¬Ј ekb",false,true,"canonicalвЖТokna-pvh-online.ru; sitemapвЖТokna-pvh-online.ru; indexnow-422",https://ekb.okna-pvh-online.ru/sitemap.xml,250,0,"crossвЖТokna-pvh-online.ru","n/a","http:404","n/a (–љ–µ—В GSC API-creds)",false,false,,n/a,n/a,0
perevodkvartiry.ru,ekb.perevodkvartiry.ru,"perevodkvartiry.ru ¬Ј ekb",false,true,"canonicalвЖТperevodkvartiry.ru; sitemapвЖТperevodkvartiry.ru; indexnow-422",https://ekb.perevodkvartiry.ru/sitemap.xml,209,0,"crossвЖТperevodkvartiry.ru","n/a","http:404","n/a (–љ–µ—В GSC API-creds)",false,false,,n/a,n/a,0
ipoteka-remont.ru,ipoteka-remont.ru,"ipoteka-remont (–Є–њ–Њ—В–µ–Ї–∞ + —А–µ–Љ–Њ–љ—В)",false,true,"canonicalвЖТmoskva.ipoteka-remont.ru; sitemapвЖТmoskva.ipoteka-remont.ru; indexnow-422",https://ipoteka-remont.ru/sitemap.xml,5,0,"crossвЖТmoskva.ipoteka-remont.ru","n/a","http:404","n/a (–љ–µ—В GSC API-creds)",false,false,,n/a,n/a,0
kalkremont.ru,kalkremont.ru,"kalkremont (–Ї–∞–ї—М–Ї—Г–ї—П—В–Њ—А—Л —А–µ–Љ–Њ–љ—В–∞ вАФ —Д–ї–∞–≥–Љ–∞–љ)",false,true,"redirectвЖТwww.kalkremont.ru; sitemapвЖТwww.kalkremont.ru; indexnow-422",https://kalkremont.ru/sitemap.xml,9040,0,"none","n/a","verified:3problems","n/a (–љ–µ—В GSC API-creds)",false,false,109345156,n/a,n/a,0
dizayn-interyera-online.ru,krd.dizayn-interyera-online.ru,"dizayn (–і–Є–Ј–∞–є–љ –Є–љ—В–µ—А—М–µ—А–∞) ¬Ј krd",false,true,"canonicalвЖТdizayn-interyera-online.ru; sitemapвЖТdizayn-interyera-online.ru; indexnow-422",https://krd.dizayn-interyera-online.ru/sitemap.xml,209,0,"crossвЖТdizayn-interyera-online.ru","n/a","http:404","n/a (–љ–µ—В GSC API-creds)",false,false,,n/a,n/a,0
dveri-stalnye24.ru,krd.dveri-stalnye24.ru,"dveri (—Б—В–∞–ї—М–љ—Л–µ –і–≤–µ—А–Є) ¬Ј krd",false,true,"canonicalвЖТdveri-stalnye24.ru; sitemapвЖТdveri-stalnye24.ru; indexnow-422",https://krd.dveri-stalnye24.ru/sitemap.xml,209,0,"crossвЖТdveri-stalnye24.ru","n/a","http:404","n/a (–љ–µ—В GSC API-creds)",false,false,,n/a,n/a,0
kamin-zakaz24.ru,krd.kamin-zakaz24.ru,"kamin (–Ї–∞–Љ–Є–љ—Л/–њ–µ—З–Є) ¬Ј krd",false,true,"canonicalвЖТkamin-zakaz24.ru; sitemapвЖТkamin-zakaz24.ru; indexnow-422",https://krd.kamin-zakaz24.ru/sitemap.xml,250,0,"crossвЖТkamin-zakaz24.ru","n/a","http:404","n/a (–љ–µ—В GSC API-creds)",false,false,,n/a,n/a,0
kupeshkafy24.ru,krd.kupeshkafy24.ru,"shkafy (—И–Ї–∞—Д—Л-–Ї—Г–њ–µ) ¬Ј krd",false,true,"canonicalвЖТkupeshkafy24.ru; sitemapвЖТkupeshkafy24.ru; indexnow-422",https://krd.kupeshkafy24.ru/sitemap.xml,209,0,"crossвЖТkupeshkafy24.ru","n/a","http:404","n/a (–љ–µ—В GSC API-creds)",false,false,,n/a,n/a,0
natyazhnoi-master24.ru,krd.natyazhnoi-master24.ru,"natyazhnoi-master24.ru ¬Ј krd",false,true,"canonicalвЖТnatyazhnoi-master24.ru; sitemapвЖТnatyazhnoi-master24.ru; indexnow-422",https://krd.natyazhnoi-master24.ru/sitemap.xml,250,0,"crossвЖТnatyazhnoi-master24.ru","n/a","http:404","n/a (–љ–µ—В GSC API-creds)",false,false,,n/a,n/a,0
okna-pvh-online.ru,krd.okna-pvh-online.ru,"okna-pvh-online.ru ¬Ј krd",false,true,"canonicalвЖТokna-pvh-online.ru; sitemapвЖТokna-pvh-online.ru; indexnow-422",https://krd.okna-pvh-online.ru/sitemap.xml,250,0,"crossвЖТokna-pvh-online.ru","n/a","http:404","n/a (–љ–µ—В GSC API-creds)",false,false,,n/a,n/a,0
perevodkvartiry.ru,krd.perevodkvartiry.ru,"perevodkvartiry.ru ¬Ј krd",false,true,"canonicalвЖТperevodkvartiry.ru; sitemapвЖТperevodkvartiry.ru; indexnow-422",https://krd.perevodkvartiry.ru/sitemap.xml,209,0,"crossвЖТperevodkvartiry.ru","n/a","http:404","n/a (–љ–µ—В GSC API-creds)",false,false,,n/a,n/a,0
kuhni-zakaz-online.ru,kuhni-zakaz-online.ru,"kuhni (–Ї—Г—Е–љ–Є –љ–∞ –Ј–∞–Ї–∞–Ј)",false,true,"canonicalвЖТmoskva.kuhni-zakaz-online.ru; sitemapвЖТmoskva.kuhni-zakaz-online.ru; indexnow-422",https://kuhni-zakaz-online.ru/sitemap.xml,5,0,"crossвЖТmoskva.kuhni-zakaz-online.ru","n/a","http:404","n/a (–љ–µ—В GSC API-creds)",false,false,,n/a,n/a,0
dizayn-interyera-online.ru,kzn.dizayn-interyera-online.ru,"dizayn (–і–Є–Ј–∞–є–љ –Є–љ—В–µ—А—М–µ—А–∞) ¬Ј kzn",false,true,"canonicalвЖТdizayn-interyera-online.ru; sitemapвЖТdizayn-interyera-online.ru; indexnow-422",https://kzn.dizayn-interyera-online.ru/sitemap.xml,209,0,"crossвЖТdizayn-interyera-online.ru","n/a","http:404","n/a (–љ–µ—В GSC API-creds)",false,false,,n/a,n/a,0
dveri-stalnye24.ru,kzn.dveri-stalnye24.ru,"dveri (—Б—В–∞–ї—М–љ—Л–µ –і–≤–µ—А–Є) ¬Ј kzn",false,true,"canonicalвЖТdveri-stalnye24.ru; sitemapвЖТdveri-stalnye24.ru; indexnow-422",https://kzn.dveri-stalnye24.ru/sitemap.xml,209,0,"crossвЖТdveri-stalnye24.ru","n/a","http:404","n/a (–љ–µ—В GSC API-creds)",false,false,,n/a,n/a,0
kamin-zakaz24.ru,kzn.kamin-zakaz24.ru,"kamin (–Ї–∞–Љ–Є–љ—Л/–њ–µ—З–Є) ¬Ј kzn",false,true,"canonicalвЖТkamin-zakaz24.ru; sitemapвЖТkamin-zakaz24.ru; indexnow-422",https://kzn.kamin-zakaz24.ru/sitemap.xml,250,0,"crossвЖТkamin-zakaz24.ru","n/a","http:404","n/a (–љ–µ—В GSC API-creds)",false,false,,n/a,n/a,0
kupeshkafy24.ru,kzn.kupeshkafy24.ru,"shkafy (—И–Ї–∞—Д—Л-–Ї—Г–њ–µ) ¬Ј kzn",false,true,"canonicalвЖТkupeshkafy24.ru; sitemapвЖТkupeshkafy24.ru; indexnow-422",https://kzn.kupeshkafy24.ru/sitemap.xml,209,0,"crossвЖТkupeshkafy24.ru","n/a","http:404","n/a (–љ–µ—В GSC API-creds)",false,false,,n/a,n/a,0
natyazhnoi-master24.ru,kzn.natyazhnoi-master24.ru,"natyazhnoi-master24.ru ¬Ј kzn",false,true,"canonicalвЖТnatyazhnoi-master24.ru; sitemapвЖТnatyazhnoi-master24.ru; indexnow-422",https://kzn.natyazhnoi-master24.ru/sitemap.xml,250,0,"crossвЖТnatyazhnoi-master24.ru","n/a","http:404","n/a (–љ–µ—В GSC API-creds)",false,false,,n/a,n/a,0
okna-pvh-online.ru,kzn.okna-pvh-online.ru,"okna-pvh-online.ru ¬Ј kzn",false,true,"canonicalвЖТokna-pvh-online.ru; sitemapвЖТokna-pvh-online.ru; indexnow-422",https://kzn.okna-pvh-online.ru/sitemap.xml,250,0,"crossвЖТokna-pvh-online.ru","n/a","http:404","n/a (–љ–µ—В GSC API-creds)",false,false,,n/a,n/a,0
perevodkvartiry.ru,kzn.perevodkvartiry.ru,"perevodkvartiry.ru ¬Ј kzn",false,true,"canonicalвЖТperevodkvartiry.ru; sitemapвЖТperevodkvartiry.ru; indexnow-422",https://kzn.perevodkvartiry.ru/sitemap.xml,209,0,"crossвЖТperevodkvartiry.ru","n/a","http:404","n/a (–љ–µ—В GSC API-creds)",false,false,,n/a,n/a,0
dizayn-interyera-online.ru,moskva.dizayn-interyera-online.ru,"dizayn (–і–Є–Ј–∞–є–љ –Є–љ—В–µ—А—М–µ—А–∞) ¬Ј moskva",false,true,"canonicalвЖТdizayn-interyera-online.ru; sitemapвЖТdizayn-interyera-online.ru; indexnow-422",https://moskva.dizayn-interyera-online.ru/sitemap.xml,209,0,"crossвЖТdizayn-interyera-online.ru","n/a","http:404","n/a (–љ–µ—В GSC API-creds)",false,false,,n/a,n/a,0
dveri-stalnye24.ru,moskva.dveri-stalnye24.ru,"dveri (—Б—В–∞–ї—М–љ—Л–µ –і–≤–µ—А–Є) ¬Ј moskva",false,true,"canonicalвЖТdveri-stalnye24.ru; sitemapвЖТdveri-stalnye24.ru; indexnow-422",https://moskva.dveri-stalnye24.ru/sitemap.xml,209,0,"crossвЖТdveri-stalnye24.ru","n/a","http:404","n/a (–љ–µ—В GSC API-creds)",false,false,,n/a,n/a,0
kamin-zakaz24.ru,moskva.kamin-zakaz24.ru,"kamin (–Ї–∞–Љ–Є–љ—Л/–њ–µ—З–Є) ¬Ј moskva",false,true,"canonicalвЖТkamin-zakaz24.ru; sitemapвЖТkamin-zakaz24.ru; indexnow-422",https://moskva.kamin-zakaz24.ru/sitemap.xml,250,0,"crossвЖТkamin-zakaz24.ru","n/a","http:404","n/a (–љ–µ—В GSC API-creds)",false,false,,n/a,n/a,0
kupeshkafy24.ru,moskva.kupeshkafy24.ru,"shkafy (—И–Ї–∞—Д—Л-–Ї—Г–њ–µ) ¬Ј moskva",false,true,"canonicalвЖТkupeshkafy24.ru; sitemapвЖТkupeshkafy24.ru; indexnow-422",https://moskva.kupeshkafy24.ru/sitemap.xml,209,0,"crossвЖТkupeshkafy24.ru","n/a","http:404","n/a (–љ–µ—В GSC API-creds)",false,false,,n/a,n/a,0
natyazhnoi-master24.ru,moskva.natyazhnoi-master24.ru,"natyazhnoi-master24.ru ¬Ј moskva",false,true,"canonicalвЖТnatyazhnoi-master24.ru; sitemapвЖТnatyazhnoi-master24.ru; indexnow-422",https://moskva.natyazhnoi-master24.ru/sitemap.xml,250,0,"crossвЖТnatyazhnoi-master24.ru","n/a","http:404","n/a (–љ–µ—В GSC API-creds)",false,false,,n/a,n/a,0
okna-pvh-online.ru,moskva.okna-pvh-online.ru,"okna-pvh-online.ru ¬Ј moskva",false,true,"canonicalвЖТokna-pvh-online.ru; sitemapвЖТokna-pvh-online.ru; indexnow-422",https://moskva.okna-pvh-online.ru/sitemap.xml,250,0,"crossвЖТokna-pvh-online.ru","n/a","http:404","n/a (–љ–µ—В GSC API-creds)",false,false,,n/a,n/a,0
perevodkvartiry.ru,moskva.perevodkvartiry.ru,"perevodkvartiry.ru ¬Ј moskva",false,true,"canonicalвЖТperevodkvartiry.ru; sitemapвЖТperevodkvartiry.ru; indexnow-422",https://moskva.perevodkvartiry.ru/sitemap.xml,209,0,"crossвЖТperevodkvartiry.ru","n/a","http:404","n/a (–љ–µ—В GSC API-creds)",false,false,,n/a,n/a,0
dizayn-interyera-online.ru,nn.dizayn-interyera-online.ru,"dizayn (–і–Є–Ј–∞–є–љ –Є–љ—В–µ—А—М–µ—А–∞) ¬Ј nn",false,true,"canonicalвЖТdizayn-interyera-online.ru; sitemapвЖТdizayn-interyera-online.ru; indexnow-422",https://nn.dizayn-interyera-online.ru/sitemap.xml,209,0,"crossвЖТdizayn-interyera-online.ru","n/a","http:404","n/a (–љ–µ—В GSC API-creds)",false,false,,n/a,n/a,0
dveri-stalnye24.ru,nn.dveri-stalnye24.ru,"dveri (—Б—В–∞–ї—М–љ—Л–µ –і–≤–µ—А–Є) ¬Ј nn",false,true,"canonicalвЖТdveri-stalnye24.ru; sitemapвЖТdveri-stalnye24.ru; indexnow-422",https://nn.dveri-stalnye24.ru/sitemap.xml,209,0,"crossвЖТdveri-stalnye24.ru","n/a","http:404","n/a (–љ–µ—В GSC API-creds)",false,false,,n/a,n/a,0
kamin-zakaz24.ru,nn.kamin-zakaz24.ru,"kamin (–Ї–∞–Љ–Є–љ—Л/–њ–µ—З–Є) ¬Ј nn",false,true,"canonicalвЖТkamin-zakaz24.ru; sitemapвЖТkamin-zakaz24.ru; indexnow-422",https://nn.kamin-zakaz24.ru/sitemap.xml,250,0,"crossвЖТkamin-zakaz24.ru","n/a","http:404","n/a (–љ–µ—В GSC API-creds)",false,false,,n/a,n/a,0
kupeshkafy24.ru,nn.kupeshkafy24.ru,"shkafy (—И–Ї–∞—Д—Л-–Ї—Г–њ–µ) ¬Ј nn",false,true,"canonicalвЖТkupeshkafy24.ru; sitemapвЖТkupeshkafy24.ru; indexnow-422",https://nn.kupeshkafy24.ru/sitemap.xml,209,0,"crossвЖТkupeshkafy24.ru","n/a","http:404","n/a (–љ–µ—В GSC API-creds)",false,false,,n/a,n/a,0
natyazhnoi-master24.ru,nn.natyazhnoi-master24.ru,"natyazhnoi-master24.ru ¬Ј nn",false,true,"canonicalвЖТnatyazhnoi-master24.ru; sitemapвЖТnatyazhnoi-master24.ru; indexnow-422",https://nn.natyazhnoi-master24.ru/sitemap.xml,250,0,"crossвЖТnatyazhnoi-master24.ru","n/a","http:404","n/a (–љ–µ—В GSC API-creds)",false,false,,n/a,n/a,0
okna-pvh-online.ru,nn.okna-pvh-online.ru,"okna-pvh-online.ru ¬Ј nn",false,true,"canonicalвЖТokna-pvh-online.ru; sitemapвЖТokna-pvh-online.ru; indexnow-422",https://nn.okna-pvh-online.ru/sitemap.xml,250,0,"crossвЖТokna-pvh-online.ru","n/a","http:404","n/a (–љ–µ—В GSC API-creds)",false,false,,n/a,n/a,0
perevodkvartiry.ru,nn.perevodkvartiry.ru,"perevodkvartiry.ru ¬Ј nn",false,true,"canonicalвЖТperevodkvartiry.ru; sitemapвЖТperevodkvartiry.ru; indexnow-422",https://nn.perevodkvartiry.ru/sitemap.xml,209,0,"crossвЖТperevodkvartiry.ru","n/a","http:404","n/a (–љ–µ—В GSC API-creds)",false,false,,n/a,n/a,0
dizayn-interyera-online.ru,nsk.dizayn-interyera-online.ru,"dizayn (–і–Є–Ј–∞–є–љ –Є–љ—В–µ—А—М–µ—А–∞) ¬Ј nsk",false,true,"canonicalвЖТdizayn-interyera-online.ru; sitemapвЖТdizayn-interyera-online.ru; indexnow-422",https://nsk.dizayn-interyera-online.ru/sitemap.xml,209,0,"crossвЖТdizayn-interyera-online.ru","n/a","http:404","n/a (–љ–µ—В GSC API-creds)",false,false,,n/a,n/a,0
dveri-stalnye24.ru,nsk.dveri-stalnye24.ru,"dveri (—Б—В–∞–ї—М–љ—Л–µ –і–≤–µ—А–Є) ¬Ј nsk",false,true,"canonicalвЖТdveri-stalnye24.ru; sitemapвЖТdveri-stalnye24.ru; indexnow-422",https://nsk.dveri-stalnye24.ru/sitemap.xml,209,0,"crossвЖТdveri-stalnye24.ru","n/a","http:404","n/a (–љ–µ—В GSC API-creds)",false,false,,n/a,n/a,0
kamin-zakaz24.ru,nsk.kamin-zakaz24.ru,"kamin (–Ї–∞–Љ–Є–љ—Л/–њ–µ—З–Є) ¬Ј nsk",false,true,"canonicalвЖТkamin-zakaz24.ru; sitemapвЖТkamin-zakaz24.ru; indexnow-422",https://nsk.kamin-zakaz24.ru/sitemap.xml,250,0,"crossвЖТkamin-zakaz24.ru","n/a","http:404","n/a (–љ–µ—В GSC API-creds)",false,false,,n/a,n/a,0
kupeshkafy24.ru,nsk.kupeshkafy24.ru,"shkafy (—И–Ї–∞—Д—Л-–Ї—Г–њ–µ) ¬Ј nsk",false,true,"canonicalвЖТkupeshkafy24.ru; sitemapвЖТkupeshkafy24.ru; indexnow-422",https://nsk.kupeshkafy24.ru/sitemap.xml,209,0,"crossвЖТkupeshkafy24.ru","n/a","http:404","n/a (–љ–µ—В GSC API-creds)",false,false,,n/a,n/a,0
natyazhnoi-master24.ru,nsk.natyazhnoi-master24.ru,"natyazhnoi-master24.ru ¬Ј nsk",false,true,"canonicalвЖТnatyazhnoi-master24.ru; sitemapвЖТnatyazhnoi-master24.ru; indexnow-422",https://nsk.natyazhnoi-master24.ru/sitemap.xml,250,0,"crossвЖТnatyazhnoi-master24.ru","n/a","http:404","n/a (–љ–µ—В GSC API-creds)",false,false,,n/a,n/a,0
okna-pvh-online.ru,nsk.okna-pvh-online.ru,"okna-pvh-online.ru ¬Ј nsk",false,true,"canonicalвЖТokna-pvh-online.ru; sitemapвЖТokna-pvh-online.ru; indexnow-422",https://nsk.okna-pvh-online.ru/sitemap.xml,250,0,"crossвЖТokna-pvh-online.ru","n/a","http:404","n/a (–љ–µ—В GSC API-creds)",false,false,,n/a,n/a,0
perevodkvartiry.ru,nsk.perevodkvartiry.ru,"perevodkvartiry.ru ¬Ј nsk",false,true,"canonicalвЖТperevodkvartiry.ru; sitemapвЖТperevodkvartiry.ru; indexnow-422",https://nsk.perevodkvartiry.ru/sitemap.xml,209,0,"crossвЖТperevodkvartiry.ru","n/a","http:404","n/a (–љ–µ—В GSC API-creds)",false,false,,n/a,n/a,0
dizayn-interyera-online.ru,perm.dizayn-interyera-online.ru,"dizayn (–і–Є–Ј–∞–є–љ –Є–љ—В–µ—А—М–µ—А–∞) ¬Ј perm",false,true,"canonicalвЖТdizayn-interyera-online.ru; sitemapвЖТdizayn-interyera-online.ru; indexnow-422",https://perm.dizayn-interyera-online.ru/sitemap.xml,209,0,"crossвЖТdizayn-interyera-online.ru","n/a","http:404","n/a (–љ–µ—В GSC API-creds)",false,false,,n/a,n/a,0
dveri-stalnye24.ru,perm.dveri-stalnye24.ru,"dveri (—Б—В–∞–ї—М–љ—Л–µ –і–≤–µ—А–Є) ¬Ј perm",false,true,"canonicalвЖТdveri-stalnye24.ru; sitemapвЖТdveri-stalnye24.ru; indexnow-422",https://perm.dveri-stalnye24.ru/sitemap.xml,209,0,"crossвЖТdveri-stalnye24.ru","n/a","http:404","n/a (–љ–µ—В GSC API-creds)",false,false,,n/a,n/a,0
kamin-zakaz24.ru,perm.kamin-zakaz24.ru,"kamin (–Ї–∞–Љ–Є–љ—Л/–њ–µ—З–Є) ¬Ј perm",false,true,"canonicalвЖТkamin-zakaz24.ru; sitemapвЖТkamin-zakaz24.ru; indexnow-422",https://perm.kamin-zakaz24.ru/sitemap.xml,250,0,"crossвЖТkamin-zakaz24.ru","n/a","http:404","n/a (–љ–µ—В GSC API-creds)",false,false,,n/a,n/a,0
kupeshkafy24.ru,perm.kupeshkafy24.ru,"shkafy (—И–Ї–∞—Д—Л-–Ї—Г–њ–µ) ¬Ј perm",false,true,"canonicalвЖТkupeshkafy24.ru; sitemapвЖТkupeshkafy24.ru; indexnow-422",https://perm.kupeshkafy24.ru/sitemap.xml,209,0,"crossвЖТkupeshkafy24.ru","n/a","http:404","n/a (–љ–µ—В GSC API-creds)",false,false,,n/a,n/a,0
natyazhnoi-master24.ru,perm.natyazhnoi-master24.ru,"natyazhnoi-master24.ru ¬Ј perm",false,true,"canonicalвЖТnatyazhnoi-master24.ru; sitemapвЖТnatyazhnoi-master24.ru; indexnow-422",https://perm.natyazhnoi-master24.ru/sitemap.xml,250,0,"crossвЖТnatyazhnoi-master24.ru","n/a","http:404","n/a (–љ–µ—В GSC API-creds)",false,false,,n/a,n/a,0
okna-pvh-online.ru,perm.okna-pvh-online.ru,"okna-pvh-online.ru ¬Ј perm",false,true,"canonicalвЖТokna-pvh-online.ru; sitemapвЖТokna-pvh-online.ru; indexnow-422",https://perm.okna-pvh-online.ru/sitemap.xml,250,0,"crossвЖТokna-pvh-online.ru","n/a","http:404","n/a (–љ–µ—В GSC API-creds)",false,false,,n/a,n/a,0
perevodkvartiry.ru,perm.perevodkvartiry.ru,"perevodkvartiry.ru ¬Ј perm",false,true,"canonicalвЖТperevodkvartiry.ru; sitemapвЖТperevodkvartiry.ru; indexnow-422",https://perm.perevodkvartiry.ru/sitemap.xml,209,0,"crossвЖТperevodkvartiry.ru","n/a","http:404","n/a (–љ–µ—В GSC API-creds)",false,false,,n/a,n/a,0
dizayn-interyera-online.ru,rnd.dizayn-interyera-online.ru,"dizayn (–і–Є–Ј–∞–є–љ –Є–љ—В–µ—А—М–µ—А–∞) ¬Ј rnd",false,true,"canonicalвЖТdizayn-interyera-online.ru; sitemapвЖТdizayn-interyera-online.ru; indexnow-422",https://rnd.dizayn-interyera-online.ru/sitemap.xml,209,0,"crossвЖТdizayn-interyera-online.ru","n/a","http:404","n/a (–љ–µ—В GSC API-creds)",false,false,,n/a,n/a,0
dveri-stalnye24.ru,rnd.dveri-stalnye24.ru,"dveri (—Б—В–∞–ї—М–љ—Л–µ –і–≤–µ—А–Є) ¬Ј rnd",false,true,"canonicalвЖТdveri-stalnye24.ru; sitemapвЖТdveri-stalnye24.ru; indexnow-422",https://rnd.dveri-stalnye24.ru/sitemap.xml,209,0,"crossвЖТdveri-stalnye24.ru","n/a","http:404","n/a (–љ–µ—В GSC API-creds)",false,false,,n/a,n/a,0
kamin-zakaz24.ru,rnd.kamin-zakaz24.ru,"kamin (–Ї–∞–Љ–Є–љ—Л/–њ–µ—З–Є) ¬Ј rnd",false,true,"canonicalвЖТkamin-zakaz24.ru; sitemapвЖТkamin-zakaz24.ru; indexnow-422",https://rnd.kamin-zakaz24.ru/sitemap.xml,250,0,"crossвЖТkamin-zakaz24.ru","n/a","http:404","n/a (–љ–µ—В GSC API-creds)",false,false,,n/a,n/a,0
kupeshkafy24.ru,rnd.kupeshkafy24.ru,"shkafy (—И–Ї–∞—Д—Л-–Ї—Г–њ–µ) ¬Ј rnd",false,true,"canonicalвЖТkupeshkafy24.ru; sitemapвЖТkupeshkafy24.ru; indexnow-422",https://rnd.kupeshkafy24.ru/sitemap.xml,209,0,"crossвЖТkupeshkafy24.ru","n/a","http:404","n/a (–љ–µ—В GSC API-creds)",false,false,,n/a,n/a,0
natyazhnoi-master24.ru,rnd.natyazhnoi-master24.ru,"natyazhnoi-master24.ru ¬Ј rnd",false,true,"canonicalвЖТnatyazhnoi-master24.ru; sitemapвЖТnatyazhnoi-master24.ru; indexnow-422",https://rnd.natyazhnoi-master24.ru/sitemap.xml,250,0,"crossвЖТnatyazhnoi-master24.ru","n/a","http:404","n/a (–љ–µ—В GSC API-creds)",false,false,,n/a,n/a,0
okna-pvh-online.ru,rnd.okna-pvh-online.ru,"okna-pvh-online.ru ¬Ј rnd",false,true,"canonicalвЖТokna-pvh-online.ru; sitemapвЖТokna-pvh-online.ru; indexnow-422",https://rnd.okna-pvh-online.ru/sitemap.xml,250,0,"crossвЖТokna-pvh-online.ru","n/a","http:404","n/a (–љ–µ—В GSC API-creds)",false,false,,n/a,n/a,0
perevodkvartiry.ru,rnd.perevodkvartiry.ru,"perevodkvartiry.ru ¬Ј rnd",false,true,"canonicalвЖТperevodkvartiry.ru; sitemapвЖТperevodkvartiry.ru; indexnow-422",https://rnd.perevodkvartiry.ru/sitemap.xml,209,0,"crossвЖТperevodkvartiry.ru","n/a","http:404","n/a (–љ–µ—В GSC API-creds)",false,false,,n/a,n/a,0
dizayn-interyera-online.ru,sam.dizayn-interyera-online.ru,"dizayn (–і–Є–Ј–∞–є–љ –Є–љ—В–µ—А—М–µ—А–∞) ¬Ј sam",false,true,"canonicalвЖТdizayn-interyera-online.ru; sitemapвЖТdizayn-interyera-online.ru; indexnow-422",https://sam.dizayn-interyera-online.ru/sitemap.xml,209,0,"crossвЖТdizayn-interyera-online.ru","n/a","http:404","n/a (–љ–µ—В GSC API-creds)",false,false,,n/a,n/a,0
dveri-stalnye24.ru,sam.dveri-stalnye24.ru,"dveri (—Б—В–∞–ї—М–љ—Л–µ –і–≤–µ—А–Є) ¬Ј sam",false,true,"canonicalвЖТdveri-stalnye24.ru; sitemapвЖТdveri-stalnye24.ru; indexnow-422",https://sam.dveri-stalnye24.ru/sitemap.xml,209,0,"crossвЖТdveri-stalnye24.ru","n/a","http:404","n/a (–љ–µ—В GSC API-creds)",false,false,,n/a,n/a,0
kamin-zakaz24.ru,sam.kamin-zakaz24.ru,"kamin (–Ї–∞–Љ–Є–љ—Л/–њ–µ—З–Є) ¬Ј sam",false,true,"canonicalвЖТkamin-zakaz24.ru; sitemapвЖТkamin-zakaz24.ru; indexnow-422",https://sam.kamin-zakaz24.ru/sitemap.xml,250,0,"crossвЖТkamin-zakaz24.ru","n/a","http:404","n/a (–љ–µ—В GSC API-creds)",false,false,,n/a,n/a,0
kupeshkafy24.ru,sam.kupeshkafy24.ru,"shkafy (—И–Ї–∞—Д—Л-–Ї—Г–њ–µ) ¬Ј sam",false,true,"canonicalвЖТkupeshkafy24.ru; sitemapвЖТkupeshkafy24.ru; indexnow-422",https://sam.kupeshkafy24.ru/sitemap.xml,209,0,"crossвЖТkupeshkafy24.ru","n/a","http:404","n/a (–љ–µ—В GSC API-creds)",false,false,,n/a,n/a,0
natyazhnoi-master24.ru,sam.natyazhnoi-master24.ru,"natyazhnoi-master24.ru ¬Ј sam",false,true,"canonicalвЖТnatyazhnoi-master24.ru; sitemapвЖТnatyazhnoi-master24.ru; indexnow-422",https://sam.natyazhnoi-master24.ru/sitemap.xml,250,0,"crossвЖТnatyazhnoi-master24.ru","n/a","http:404","n/a (–љ–µ—В GSC API-creds)",false,false,,n/a,n/a,0
okna-pvh-online.ru,sam.okna-pvh-online.ru,"okna-pvh-online.ru ¬Ј sam",false,true,"canonicalвЖТokna-pvh-online.ru; sitemapвЖТokna-pvh-online.ru; indexnow-422",https://sam.okna-pvh-online.ru/sitemap.xml,250,0,"crossвЖТokna-pvh-online.ru","n/a","http:404","n/a (–љ–µ—В GSC API-creds)",false,false,,n/a,n/a,0
perevodkvartiry.ru,sam.perevodkvartiry.ru,"perevodkvartiry.ru ¬Ј sam",false,true,"canonicalвЖТperevodkvartiry.ru; sitemapвЖТperevodkvartiry.ru; indexnow-422",https://sam.perevodkvartiry.ru/sitemap.xml,209,0,"crossвЖТperevodkvartiry.ru","n/a","http:404","n/a (–љ–µ—В GSC API-creds)",false,false,,n/a,n/a,0
dizayn-interyera-online.ru,spb.dizayn-interyera-online.ru,"dizayn (–і–Є–Ј–∞–є–љ –Є–љ—В–µ—А—М–µ—А–∞) ¬Ј spb",false,true,"canonicalвЖТdizayn-interyera-online.ru; sitemapвЖТdizayn-interyera-online.ru; indexnow-422",https://spb.dizayn-interyera-online.ru/sitemap.xml,209,0,"crossвЖТdizayn-interyera-online.ru","n/a","http:404","n/a (–љ–µ—В GSC API-creds)",false,false,,n/a,n/a,0
dveri-stalnye24.ru,spb.dveri-stalnye24.ru,"dveri (—Б—В–∞–ї—М–љ—Л–µ –і–≤–µ—А–Є) ¬Ј spb",false,true,"canonicalвЖТdveri-stalnye24.ru; sitemapвЖТdveri-stalnye24.ru; indexnow-422",https://spb.dveri-stalnye24.ru/sitemap.xml,209,0,"crossвЖТdveri-stalnye24.ru","n/a","http:404","n/a (–љ–µ—В GSC API-creds)",false,false,,n/a,n/a,0
kamin-zakaz24.ru,spb.kamin-zakaz24.ru,"kamin (–Ї–∞–Љ–Є–љ—Л/–њ–µ—З–Є) ¬Ј spb",false,true,"canonicalвЖТkamin-zakaz24.ru; sitemapвЖТkamin-zakaz24.ru; indexnow-422",https://spb.kamin-zakaz24.ru/sitemap.xml,250,0,"crossвЖТkamin-zakaz24.ru","n/a","http:404","n/a (–љ–µ—В GSC API-creds)",false,false,,n/a,n/a,0
kupeshkafy24.ru,spb.kupeshkafy24.ru,"shkafy (—И–Ї–∞—Д—Л-–Ї—Г–њ–µ) ¬Ј spb",false,true,"canonicalвЖТkupeshkafy24.ru; sitemapвЖТkupeshkafy24.ru; indexnow-422",https://spb.kupeshkafy24.ru/sitemap.xml,209,0,"crossвЖТkupeshkafy24.ru","n/a","http:404","n/a (–љ–µ—В GSC API-creds)",false,false,,n/a,n/a,0
natyazhnoi-master24.ru,spb.natyazhnoi-master24.ru,"natyazhnoi-master24.ru ¬Ј spb",false,true,"canonicalвЖТnatyazhnoi-master24.ru; sitemapвЖТnatyazhnoi-master24.ru; indexnow-422",https://spb.natyazhnoi-master24.ru/sitemap.xml,250,0,"crossвЖТnatyazhnoi-master24.ru","n/a","http:404","n/a (–љ–µ—В GSC API-creds)",false,false,,n/a,n/a,0
okna-pvh-online.ru,spb.okna-pvh-online.ru,"okna-pvh-online.ru ¬Ј spb",false,true,"canonicalвЖТokna-pvh-online.ru; sitemapвЖТokna-pvh-online.ru; indexnow-422",https://spb.okna-pvh-online.ru/sitemap.xml,250,0,"crossвЖТokna-pvh-online.ru","n/a","http:404","n/a (–љ–µ—В GSC API-creds)",false,false,,n/a,n/a,0
perevodkvartiry.ru,spb.perevodkvartiry.ru,"perevodkvartiry.ru ¬Ј spb",false,true,"canonicalвЖТperevodkvartiry.ru; sitemapвЖТperevodkvartiry.ru; indexnow-422",https://spb.perevodkvartiry.ru/sitemap.xml,209,0,"crossвЖТperevodkvartiry.ru","n/a","http:404","n/a (–љ–µ—В GSC API-creds)",false,false,,n/a,n/a,0
dizayn-interyera-online.ru,tyumen.dizayn-interyera-online.ru,"dizayn (–і–Є–Ј–∞–є–љ –Є–љ—В–µ—А—М–µ—А–∞) ¬Ј tyumen",false,true,"canonicalвЖТdizayn-interyera-online.ru; sitemapвЖТdizayn-interyera-online.ru; indexnow-422",https://tyumen.dizayn-interyera-online.ru/sitemap.xml,209,0,"crossвЖТdizayn-interyera-online.ru","n/a","http:404","n/a (–љ–µ—В GSC API-creds)",false,false,,n/a,n/a,0
dveri-stalnye24.ru,tyumen.dveri-stalnye24.ru,"dveri (—Б—В–∞–ї—М–љ—Л–µ –і–≤–µ—А–Є) ¬Ј tyumen",false,true,"canonicalвЖТdveri-stalnye24.ru; sitemapвЖТdveri-stalnye24.ru; indexnow-422",https://tyumen.dveri-stalnye24.ru/sitemap.xml,209,0,"crossвЖТdveri-stalnye24.ru","n/a","http:404","n/a (–љ–µ—В GSC API-creds)",false,false,,n/a,n/a,0
kamin-zakaz24.ru,tyumen.kamin-zakaz24.ru,"kamin (–Ї–∞–Љ–Є–љ—Л/–њ–µ—З–Є) ¬Ј tyumen",false,true,"canonicalвЖТkamin-zakaz24.ru; sitemapвЖТkamin-zakaz24.ru; indexnow-422",https://tyumen.kamin-zakaz24.ru/sitemap.xml,250,0,"crossвЖТkamin-zakaz24.ru","n/a","http:404","n/a (–љ–µ—В GSC API-creds)",false,false,,n/a,n/a,0
kupeshkafy24.ru,tyumen.kupeshkafy24.ru,"shkafy (—И–Ї–∞—Д—Л-–Ї—Г–њ–µ) ¬Ј tyumen",false,true,"canonicalвЖТkupeshkafy24.ru; sitemapвЖТkupeshkafy24.ru; indexnow-422",https://tyumen.kupeshkafy24.ru/sitemap.xml,209,0,"crossвЖТkupeshkafy24.ru","n/a","http:404","n/a (–љ–µ—В GSC API-creds)",false,false,,n/a,n/a,0
natyazhnoi-master24.ru,tyumen.natyazhnoi-master24.ru,"natyazhnoi-master24.ru ¬Ј tyumen",false,true,"canonicalвЖТnatyazhnoi-master24.ru; sitemapвЖТnatyazhnoi-master24.ru; indexnow-422",https://tyumen.natyazhnoi-master24.ru/sitemap.xml,250,0,"crossвЖТnatyazhnoi-master24.ru","n/a","http:404","n/a (–љ–µ—В GSC API-creds)",false,false,,n/a,n/a,0
okna-pvh-online.ru,tyumen.okna-pvh-online.ru,"okna-pvh-online.ru ¬Ј tyumen",false,true,"canonicalвЖТokna-pvh-online.ru; sitemapвЖТokna-pvh-online.ru; indexnow-422",https://tyumen.okna-pvh-online.ru/sitemap.xml,250,0,"crossвЖТokna-pvh-online.ru","n/a","http:404","n/a (–љ–µ—В GSC API-creds)",false,false,,n/a,n/a,0
perevodkvartiry.ru,tyumen.perevodkvartiry.ru,"perevodkvartiry.ru ¬Ј tyumen",false,true,"canonicalвЖТperevodkvartiry.ru; sitemapвЖТperevodkvartiry.ru; indexnow-422",https://tyumen.perevodkvartiry.ru/sitemap.xml,209,0,"crossвЖТperevodkvartiry.ru","n/a","http:404","n/a (–љ–µ—В GSC API-creds)",false,false,,n/a,n/a,0
dizayn-interyera-online.ru,ufa.dizayn-interyera-online.ru,"dizayn (–і–Є–Ј–∞–є–љ –Є–љ—В–µ—А—М–µ—А–∞) ¬Ј ufa",false,true,"canonicalвЖТdizayn-interyera-online.ru; sitemapвЖТdizayn-interyera-online.ru; indexnow-422",https://ufa.dizayn-interyera-online.ru/sitemap.xml,209,0,"crossвЖТdizayn-interyera-online.ru","n/a","http:404","n/a (–љ–µ—В GSC API-creds)",false,false,,n/a,n/a,0
dveri-stalnye24.ru,ufa.dveri-stalnye24.ru,"dveri (—Б—В–∞–ї—М–љ—Л–µ –і–≤–µ—А–Є) ¬Ј ufa",false,true,"canonicalвЖТdveri-stalnye24.ru; sitemapвЖТdveri-stalnye24.ru; indexnow-422",https://ufa.dveri-stalnye24.ru/sitemap.xml,209,0,"crossвЖТdveri-stalnye24.ru","n/a","http:404","n/a (–љ–µ—В GSC API-creds)",false,false,,n/a,n/a,0
kamin-zakaz24.ru,ufa.kamin-zakaz24.ru,"kamin (–Ї–∞–Љ–Є–љ—Л/–њ–µ—З–Є) ¬Ј ufa",false,true,"canonicalвЖТkamin-zakaz24.ru; sitemapвЖТkamin-zakaz24.ru; indexnow-422",https://ufa.kamin-zakaz24.ru/sitemap.xml,250,0,"crossвЖТkamin-zakaz24.ru","n/a","http:404","n/a (–љ–µ—В GSC API-creds)",false,false,,n/a,n/a,0
kupeshkafy24.ru,ufa.kupeshkafy24.ru,"shkafy (—И–Ї–∞—Д—Л-–Ї—Г–њ–µ) ¬Ј ufa",false,true,"canonicalвЖТkupeshkafy24.ru; sitemapвЖТkupeshkafy24.ru; indexnow-422",https://ufa.kupeshkafy24.ru/sitemap.xml,209,0,"crossвЖТkupeshkafy24.ru","n/a","http:404","n/a (–љ–µ—В GSC API-creds)",false,false,,n/a,n/a,0
natyazhnoi-master24.ru,ufa.natyazhnoi-master24.ru,"natyazhnoi-master24.ru ¬Ј ufa",false,true,"canonicalвЖТnatyazhnoi-master24.ru; sitemapвЖТnatyazhnoi-master24.ru; indexnow-422",https://ufa.natyazhnoi-master24.ru/sitemap.xml,250,0,"crossвЖТnatyazhnoi-master24.ru","n/a","http:404","n/a (–љ–µ—В GSC API-creds)",false,false,,n/a,n/a,0
okna-pvh-online.ru,ufa.okna-pvh-online.ru,"okna-pvh-online.ru ¬Ј ufa",false,true,"canonicalвЖТokna-pvh-online.ru; sitemapвЖТokna-pvh-online.ru; indexnow-422",https://ufa.okna-pvh-online.ru/sitemap.xml,250,0,"crossвЖТokna-pvh-online.ru","n/a","http:404","n/a (–љ–µ—В GSC API-creds)",false,false,,n/a,n/a,0
perevodkvartiry.ru,ufa.perevodkvartiry.ru,"perevodkvartiry.ru ¬Ј ufa",false,true,"canonicalвЖТperevodkvartiry.ru; sitemapвЖТperevodkvartiry.ru; indexnow-422",https://ufa.perevodkvartiry.ru/sitemap.xml,209,0,"crossвЖТperevodkvartiry.ru","n/a","http:404","n/a (–љ–µ—В GSC API-creds)",false,false,,n/a,n/a,0
dizayn-interyera-online.ru,vlg.dizayn-interyera-online.ru,"dizayn (–і–Є–Ј–∞–є–љ –Є–љ—В–µ—А—М–µ—А–∞) ¬Ј vlg",false,true,"canonicalвЖТdizayn-interyera-online.ru; sitemapвЖТdizayn-interyera-online.ru; indexnow-422",https://vlg.dizayn-interyera-online.ru/sitemap.xml,209,0,"crossвЖТdizayn-interyera-online.ru","n/a","http:404","n/a (–љ–µ—В GSC API-creds)",false,false,,n/a,n/a,0
dveri-stalnye24.ru,vlg.dveri-stalnye24.ru,"dveri (—Б—В–∞–ї—М–љ—Л–µ –і–≤–µ—А–Є) ¬Ј vlg",false,true,"canonicalвЖТdveri-stalnye24.ru; sitemapвЖТdveri-stalnye24.ru; indexnow-422",https://vlg.dveri-stalnye24.ru/sitemap.xml,209,0,"crossвЖТdveri-stalnye24.ru","n/a","http:404","n/a (–љ–µ—В GSC API-creds)",false,false,,n/a,n/a,0
kamin-zakaz24.ru,vlg.kamin-zakaz24.ru,"kamin (–Ї–∞–Љ–Є–љ—Л/–њ–µ—З–Є) ¬Ј vlg",false,true,"canonicalвЖТkamin-zakaz24.ru; sitemapвЖТkamin-zakaz24.ru; indexnow-422",https://vlg.kamin-zakaz24.ru/sitemap.xml,250,0,"crossвЖТkamin-zakaz24.ru","n/a","http:404","n/a (–љ–µ—В GSC API-creds)",false,false,,n/a,n/a,0
kupeshkafy24.ru,vlg.kupeshkafy24.ru,"shkafy (—И–Ї–∞—Д—Л-–Ї—Г–њ–µ) ¬Ј vlg",false,true,"canonicalвЖТkupeshkafy24.ru; sitemapвЖТkupeshkafy24.ru; indexnow-422",https://vlg.kupeshkafy24.ru/sitemap.xml,209,0,"crossвЖТkupeshkafy24.ru","n/a","http:404","n/a (–љ–µ—В GSC API-creds)",false,false,,n/a,n/a,0
natyazhnoi-master24.ru,vlg.natyazhnoi-master24.ru,"natyazhnoi-master24.ru ¬Ј vlg",false,true,"canonicalвЖТnatyazhnoi-master24.ru; sitemapвЖТnatyazhnoi-master24.ru; indexnow-422",https://vlg.natyazhnoi-master24.ru/sitemap.xml,250,0,"crossвЖТnatyazhnoi-master24.ru","n/a","http:404","n/a (–љ–µ—В GSC API-creds)",false,false,,n/a,n/a,0
okna-pvh-online.ru,vlg.okna-pvh-online.ru,"okna-pvh-online.ru ¬Ј vlg",false,true,"canonicalвЖТokna-pvh-online.ru; sitemapвЖТokna-pvh-online.ru; indexnow-422",https://vlg.okna-pvh-online.ru/sitemap.xml,250,0,"crossвЖТokna-pvh-online.ru","n/a","http:404","n/a (–љ–µ—В GSC API-creds)",false,false,,n/a,n/a,0
perevodkvartiry.ru,vlg.perevodkvartiry.ru,"perevodkvartiry.ru ¬Ј vlg",false,true,"canonicalвЖТperevodkvartiry.ru; sitemapвЖТperevodkvartiry.ru; indexnow-422",https://vlg.perevodkvartiry.ru/sitemap.xml,209,0,"crossвЖТperevodkvartiry.ru","n/a","http:404","n/a (–љ–µ—В GSC API-creds)",false,false,,n/a,n/a,0
dizayn-interyera-online.ru,vrn.dizayn-interyera-online.ru,"dizayn (–і–Є–Ј–∞–є–љ –Є–љ—В–µ—А—М–µ—А–∞) ¬Ј vrn",false,true,"canonicalвЖТdizayn-interyera-online.ru; sitemapвЖТdizayn-interyera-online.ru; indexnow-422",https://vrn.dizayn-interyera-online.ru/sitemap.xml,209,0,"crossвЖТdizayn-interyera-online.ru","n/a","http:404","n/a (–љ–µ—В GSC API-creds)",false,false,,n/a,n/a,0
dveri-stalnye24.ru,vrn.dveri-stalnye24.ru,"dveri (—Б—В–∞–ї—М–љ—Л–µ –і–≤–µ—А–Є) ¬Ј vrn",false,true,"canonicalвЖТdveri-stalnye24.ru; sitemapвЖТdveri-stalnye24.ru; indexnow-422",https://vrn.dveri-stalnye24.ru/sitemap.xml,209,0,"crossвЖТdveri-stalnye24.ru","n/a","http:404","n/a (–љ–µ—В GSC API-creds)",false,false,,n/a,n/a,0
kamin-zakaz24.ru,vrn.kamin-zakaz24.ru,"kamin (–Ї–∞–Љ–Є–љ—Л/–њ–µ—З–Є) ¬Ј vrn",false,true,"canonicalвЖТkamin-zakaz24.ru; sitemapвЖТkamin-zakaz24.ru; indexnow-422",https://vrn.kamin-zakaz24.ru/sitemap.xml,250,0,"crossвЖТkamin-zakaz24.ru","n/a","http:404","n/a (–љ–µ—В GSC API-creds)",false,false,,n/a,n/a,0
kupeshkafy24.ru,vrn.kupeshkafy24.ru,"shkafy (—И–Ї–∞—Д—Л-–Ї—Г–њ–µ) ¬Ј vrn",false,true,"canonicalвЖТkupeshkafy24.ru; sitemapвЖТkupeshkafy24.ru; indexnow-422",https://vrn.kupeshkafy24.ru/sitemap.xml,209,0,"crossвЖТkupeshkafy24.ru","n/a","http:404","n/a (–љ–µ—В GSC API-creds)",false,false,,n/a,n/a,0
natyazhnoi-master24.ru,vrn.natyazhnoi-master24.ru,"natyazhnoi-master24.ru ¬Ј vrn",false,true,"canonicalвЖТnatyazhnoi-master24.ru; sitemapвЖТnatyazhnoi-master24.ru; indexnow-422",https://vrn.natyazhnoi-master24.ru/sitemap.xml,250,0,"crossвЖТnatyazhnoi-master24.ru","n/a","http:404","n/a (–љ–µ—В GSC API-creds)",false,false,,n/a,n/a,0
okna-pvh-online.ru,vrn.okna-pvh-online.ru,"okna-pvh-online.ru ¬Ј vrn",false,true,"canonicalвЖТokna-pvh-online.ru; sitemapвЖТokna-pvh-online.ru; indexnow-422",https://vrn.okna-pvh-online.ru/sitemap.xml,250,0,"crossвЖТokna-pvh-online.ru","n/a","http:404","n/a (–љ–µ—В GSC API-creds)",false,false,,n/a,n/a,0
perevodkvartiry.ru,vrn.perevodkvartiry.ru,"perevodkvartiry.ru ¬Ј vrn",false,true,"canonicalвЖТperevodkvartiry.ru; sitemapвЖТperevodkvartiry.ru; indexnow-422",https://vrn.perevodkvartiry.ru/sitemap.xml,209,0,"crossвЖТperevodkvartiry.ru","n/a","http:404","n/a (–љ–µ—В GSC API-creds)",false,false,,n/a,n/a,0