domain,host,is_valid_host,sitemap_url_count,loaded_by_robot,in_search_yandex,excluded_yandex,fatal_problems,index_ratio,indexnow_eligible,recrawl_eligible,wm_status
kalkremont.ru,spb.kalkremont.ru,true,437,0,234,0,0,0.54,true,true,"verified:3problems"
kalkremont.ru,www.kalkremont.ru,true,9040,0,109,2,0,0.01,true,true,"verified:3problems"
kalkremont.ru,moskva.kalkremont.ru,true,321,0,92,0,0,0.29,true,true,"verified:3problems"
kalkremont.ru,ekb.kalkremont.ru,true,205,0,20,0,0,0.10,true,true,"verified:4problems"
kalkremont.ru,nsk.kalkremont.ru,true,205,0,19,0,0,0.09,true,true,"verified:3problems"
kalkremont.ru,nn.kalkremont.ru,true,205,0,18,0,0,0.09,true,true,"verified:3problems"
kalkremont.ru,perm.kalkremont.ru,true,205,0,16,0,0,0.08,true,true,"verified:3problems"
kalkremont.ru,vlg.kalkremont.ru,true,205,0,16,0,0,0.08,true,true,"verified:3problems"
kalkremont.ru,rnd.kalkremont.ru,true,205,0,14,0,0,0.07,true,true,"verified:3problems"
kalkremont.ru,kzn.kalkremont.ru,true,205,0,13,0,0,0.06,true,true,"verified:3problems"
kalkremont.ru,krd.kalkremont.ru,true,176,0,13,0,0,0.07,true,true,"verified:3problems"
kalkremont.ru,tyumen.kalkremont.ru,true,147,0,12,0,0,0.08,true,true,"verified:3problems"
kalkremont.ru,ufa.kalkremont.ru,true,205,0,11,0,0,0.05,true,true,"verified:3problems"
kalkremont.ru,vrn.kalkremont.ru,true,176,0,11,0,0,0.06,true,true,"verified:3problems"
kalkremont.ru,chel.kalkremont.ru,true,176,0,10,0,0,0.06,true,true,"verified:4problems"
kalkremont.ru,sam.kalkremont.ru,true,176,0,9,0,0,0.05,true,true,"verified:4problems"
kalkremont.ru,brn.kalkremont.ru,true,147,0,9,0,0,0.06,true,true,"verified:4problems"
kalkremont.ru,brand.kalkremont.ru,true,9,0,8,0,0,0.89,true,true,"verified:4problems"
kalkremont.ru,price.kalkremont.ru,true,155,0,6,0,0,0.04,true,true,"verified:4problems"
kalkremont.ru,sovety.kalkremont.ru,true,11,0,1,0,0,0.09,true,true,"verified:3problems"
kalkremont.ru,dizayn.kalkremont.ru,true,615,0,0,0,0,0.00,true,true,"verified:4problems"
kalkremont.ru,balkony.kalkremont.ru,true,492,0,0,0,0,0.00,true,true,"verified:4problems"
kalkremont.ru,fasad.kalkremont.ru,true,492,0,0,0,0,0.00,true,true,"verified:4problems"
kalkremont.ru,kondicioner.kalkremont.ru,true,492,0,0,0,0,0.00,true,true,"verified:4problems"
kalkremont.ru,okna.kalkremont.ru,true,492,0,0,0,0,0.00,true,true,"verified:3problems"
kalkremont.ru,potolki.kalkremont.ru,true,492,0,0,0,0,0.00,true,true,"verified:4problems"
kalkremont.ru,santehnika.kalkremont.ru,true,492,0,0,0,0,0.00,true,true,"verified:3problems"
kalkremont.ru,demontazh.kalkremont.ru,true,451,0,0,0,0,0.00,true,true,"verified:4problems"
kalkremont.ru,dveri.kalkremont.ru,true,451,0,0,0,0,0.00,true,true,"verified:4problems"
kalkremont.ru,elektro.kalkremont.ru,true,451,0,0,0,0,0.00,true,true,"verified:4problems"
kalkremont.ru,kuhni.kalkremont.ru,true,451,0,0,0,0,0.00,true,true,"verified:4problems"
kalkremont.ru,styazhka.kalkremont.ru,true,451,0,0,0,0,0.00,true,true,"verified:4problems"
kalkremont.ru,uborka.kalkremont.ru,true,451,0,0,0,0,0.00,true,true,"verified:4problems"
kalkremont.ru,vannye.kalkremont.ru,true,451,0,0,0,0,0.00,true,true,"verified:4problems"
kamin-zakaz24.ru,kamin-zakaz24.ru,true,250,0,0,0,0,0.00,true,false,"http:404"
natyazhnoi-master24.ru,natyazhnoi-master24.ru,true,250,0,0,0,0,0.00,true,false,"http:404"
okna-pvh-online.ru,okna-pvh-online.ru,true,250,0,0,0,0,0.00,true,false,"http:404"
dizayn-interyera-online.ru,dizayn-interyera-online.ru,true,209,0,0,0,0,0.00,true,false,"http:404"
dveri-stalnye24.ru,dveri-stalnye24.ru,true,209,0,0,0,0,0.00,true,false,"http:404"
kupeshkafy24.ru,kupeshkafy24.ru,true,209,0,0,0,0,0.00,true,false,"http:404"
perevodkvartiry.ru,perevodkvartiry.ru,true,209,0,0,0,0,0.00,true,false,"http:404"
kalkremont.ru,yar.kalkremont.ru,true,31,0,0,0,0,0.00,true,true,"verified:4problems"
kalkremont.ru,izh.kalkremont.ru,true,26,0,0,0,0,0.00,true,true,"verified:4problems"
kalkremont.ru,kem.kalkremont.ru,true,26,0,0,0,0,0.00,true,true,"verified:4problems"
kalkremont.ru,khv.kalkremont.ru,true,26,0,0,0,0,0.00,true,true,"verified:4problems"
kalkremont.ru,sar.kalkremont.ru,true,26,0,0,0,0,0.00,true,true,"verified:3problems"
kalkremont.ru,tul.kalkremont.ru,true,26,0,0,0,0,0.00,true,true,"verified:4problems"
kalkremont.ru,astr.kalkremont.ru,true,21,0,0,0,0,0.00,true,true,"verified:3problems"
kalkremont.ru,irk.kalkremont.ru,true,21,0,0,0,0,0.00,true,true,"verified:4problems"
kalkremont.ru,kir.kalkremont.ru,true,21,0,0,0,0,0.00,true,true,"verified:4problems"
kalkremont.ru,kld.kalkremont.ru,true,21,0,0,0,0,0.00,true,true,"verified:4problems"
kalkremont.ru,lpk.kalkremont.ru,true,21,0,0,0,0,0.00,true,true,"verified:3problems"
kalkremont.ru,oren.kalkremont.ru,true,21,0,0,0,0,0.00,true,true,"verified:4problems"
kalkremont.ru,pnz.kalkremont.ru,true,21,0,0,0,0,0.00,true,true,"verified:4problems"
kalkremont.ru,rzn.kalkremont.ru,true,21,0,0,0,0,0.00,true,true,"verified:4problems"
kalkremont.ru,vvo.kalkremont.ru,true,21,0,0,0,0,0.00,true,true,"verified:4problems"
kalkremont.ru,cbx.kalkremont.ru,true,16,0,0,0,0,0.00,true,true,"verified:4problems"
kalkremont.ru,tlt.kalkremont.ru,true,16,0,0,0,0,0.00,true,true,"verified:3problems"
ipoteka-remont.ru,brn.ipoteka-remont.ru,true,5,0,0,0,0,0.00,true,false,"http:404"
kuhni-zakaz-online.ru,brn.kuhni-zakaz-online.ru,true,5,0,0,0,0,0.00,true,false,"http:404"
ipoteka-remont.ru,chel.ipoteka-remont.ru,true,5,0,0,0,0,0.00,true,false,"http:404"
kuhni-zakaz-online.ru,chel.kuhni-zakaz-online.ru,true,5,0,0,0,0,0.00,true,false,"http:404"
dom-stroy-online.ru,ekb.dom-stroy-online.ru,true,5,0,0,0,0,0.00,true,false,"http:404"
ipoteka-remont.ru,ekb.ipoteka-remont.ru,true,5,0,0,0,0,0.00,true,false,"http:404"
kuhni-zakaz-online.ru,ekb.kuhni-zakaz-online.ru,true,5,0,0,0,0,0.00,true,false,"http:404"
dom-stroy-online.ru,krd.dom-stroy-online.ru,true,5,0,0,0,0,0.00,true,false,"http:404"
ipoteka-remont.ru,krd.ipoteka-remont.ru,true,5,0,0,0,0,0.00,true,false,"http:404"
kuhni-zakaz-online.ru,krd.kuhni-zakaz-online.ru,true,5,0,0,0,0,0.00,true,false,"http:404"
dom-stroy-online.ru,kzn.dom-stroy-online.ru,true,5,0,0,0,0,0.00,true,false,"http:404"
ipoteka-remont.ru,kzn.ipoteka-remont.ru,true,5,0,0,0,0,0.00,true,false,"http:404"
kuhni-zakaz-online.ru,kzn.kuhni-zakaz-online.ru,true,5,0,0,0,0,0.00,true,false,"http:404"
dom-stroy-online.ru,moskva.dom-stroy-online.ru,true,5,0,0,0,0,0.00,true,false,"http:404"
ipoteka-remont.ru,moskva.ipoteka-remont.ru,true,5,0,0,0,0,0.00,true,false,"http:404"
kuhni-zakaz-online.ru,moskva.kuhni-zakaz-online.ru,true,5,0,0,0,0,0.00,true,false,"http:404"
dom-stroy-online.ru,nn.dom-stroy-online.ru,true,5,0,0,0,0,0.00,true,false,"http:404"
ipoteka-remont.ru,nn.ipoteka-remont.ru,true,5,0,0,0,0,0.00,true,false,"http:404"
kuhni-zakaz-online.ru,nn.kuhni-zakaz-online.ru,true,5,0,0,0,0,0.00,true,false,"http:404"
dom-stroy-online.ru,nsk.dom-stroy-online.ru,true,5,0,0,0,0,0.00,true,false,"http:404"
ipoteka-remont.ru,nsk.ipoteka-remont.ru,true,5,0,0,0,0,0.00,true,false,"http:404"
kuhni-zakaz-online.ru,nsk.kuhni-zakaz-online.ru,true,5,0,0,0,0,0.00,true,false,"http:404"
ipoteka-remont.ru,perm.ipoteka-remont.ru,true,5,0,0,0,0,0.00,true,false,"http:404"
kuhni-zakaz-online.ru,perm.kuhni-zakaz-online.ru,true,5,0,0,0,0,0.00,true,false,"http:404"
ipoteka-remont.ru,rnd.ipoteka-remont.ru,true,5,0,0,0,0,0.00,true,false,"http:404"
kuhni-zakaz-online.ru,rnd.kuhni-zakaz-online.ru,true,5,0,0,0,0,0.00,true,false,"http:404"
ipoteka-remont.ru,sam.ipoteka-remont.ru,true,5,0,0,0,0,0.00,true,false,"http:404"
kuhni-zakaz-online.ru,sam.kuhni-zakaz-online.ru,true,5,0,0,0,0,0.00,true,false,"http:404"
dom-stroy-online.ru,spb.dom-stroy-online.ru,true,5,0,0,0,0,0.00,true,false,"http:404"
ipoteka-remont.ru,spb.ipoteka-remont.ru,true,5,0,0,0,0,0.00,true,false,"http:404"
kuhni-zakaz-online.ru,spb.kuhni-zakaz-online.ru,true,5,0,0,0,0,0.00,true,false,"http:404"
ipoteka-remont.ru,tyumen.ipoteka-remont.ru,true,5,0,0,0,0,0.00,true,false,"http:404"
kuhni-zakaz-online.ru,tyumen.kuhni-zakaz-online.ru,true,5,0,0,0,0,0.00,true,false,"http:404"
ipoteka-remont.ru,ufa.ipoteka-remont.ru,true,5,0,0,0,0,0.00,true,false,"http:404"
kuhni-zakaz-online.ru,ufa.kuhni-zakaz-online.ru,true,5,0,0,0,0,0.00,true,false,"http:404"
ipoteka-remont.ru,vlg.ipoteka-remont.ru,true,5,0,0,0,0,0.00,true,false,"http:404"
kuhni-zakaz-online.ru,vlg.kuhni-zakaz-online.ru,true,5,0,0,0,0,0.00,true,false,"http:404"
ipoteka-remont.ru,vrn.ipoteka-remont.ru,true,5,0,0,0,0,0.00,true,false,"http:404"
kuhni-zakaz-online.ru,vrn.kuhni-zakaz-online.ru,true,5,0,0,0,0,0.00,true,false,"http:404"
dom-stroy-online.ru,brn.dom-stroy-online.ru,true,0,0,0,0,0,0.00,true,false,"http:404"
dom-stroy-online.ru,chel.dom-stroy-online.ru,true,0,0,0,0,0,0.00,true,false,"http:404"
dom-stroy-online.ru,perm.dom-stroy-online.ru,true,0,0,0,0,0,0.00,true,false,"http:404"
dom-stroy-online.ru,rnd.dom-stroy-online.ru,true,0,0,0,0,0,0.00,true,false,"http:404"
dom-stroy-online.ru,sam.dom-stroy-online.ru,true,0,0,0,0,0,0.00,true,false,"http:404"
dom-stroy-online.ru,tyumen.dom-stroy-online.ru,true,0,0,0,0,0,0.00,true,false,"http:404"
dom-stroy-online.ru,ufa.dom-stroy-online.ru,true,0,0,0,0,0,0.00,true,false,"http:404"
dom-stroy-online.ru,vlg.dom-stroy-online.ru,true,0,0,0,0,0,0.00,true,false,"http:404"
dom-stroy-online.ru,vrn.dom-stroy-online.ru,true,0,0,0,0,0,0.00,true,false,"http:404"
dizayn-interyera-online.ru,brn.dizayn-interyera-online.ru,false,209,0,0,0,0,0.00,false,false,"http:404"
dveri-stalnye24.ru,brn.dveri-stalnye24.ru,false,209,0,0,0,0,0.00,false,false,"http:404"
kamin-zakaz24.ru,brn.kamin-zakaz24.ru,false,250,0,0,0,0,0.00,false,false,"http:404"
kupeshkafy24.ru,brn.kupeshkafy24.ru,false,209,0,0,0,0,0.00,false,false,"http:404"
natyazhnoi-master24.ru,brn.natyazhnoi-master24.ru,false,250,0,0,0,0,0.00,false,false,"http:404"
okna-pvh-online.ru,brn.okna-pvh-online.ru,false,250,0,0,0,0,0.00,false,false,"http:404"
perevodkvartiry.ru,brn.perevodkvartiry.ru,false,209,0,0,0,0,0.00,false,false,"http:404"
dizayn-interyera-online.ru,chel.dizayn-interyera-online.ru,false,209,0,0,0,0,0.00,false,false,"http:404"
dveri-stalnye24.ru,chel.dveri-stalnye24.ru,false,209,0,0,0,0,0.00,false,false,"http:404"
kamin-zakaz24.ru,chel.kamin-zakaz24.ru,false,250,0,0,0,0,0.00,false,false,"http:404"
kupeshkafy24.ru,chel.kupeshkafy24.ru,false,209,0,0,0,0,0.00,false,false,"http:404"
natyazhnoi-master24.ru,chel.natyazhnoi-master24.ru,false,250,0,0,0,0,0.00,false,false,"http:404"
okna-pvh-online.ru,chel.okna-pvh-online.ru,false,250,0,0,0,0,0.00,false,false,"http:404"
perevodkvartiry.ru,chel.perevodkvartiry.ru,false,209,0,0,0,0,0.00,false,false,"http:404"
dom-stroy-online.ru,dom-stroy-online.ru,false,5,0,0,0,0,0.00,false,false,"http:404"
dizayn-interyera-online.ru,ekb.dizayn-interyera-online.ru,false,209,0,0,0,0,0.00,false,false,"http:404"
dveri-stalnye24.ru,ekb.dveri-stalnye24.ru,false,209,0,0,0,0,0.00,false,false,"http:404"
kamin-zakaz24.ru,ekb.kamin-zakaz24.ru,false,250,0,0,0,0,0.00,false,false,"http:404"
kupeshkafy24.ru,ekb.kupeshkafy24.ru,false,209,0,0,0,0,0.00,false,false,"http:404"
natyazhnoi-master24.ru,ekb.natyazhnoi-master24.ru,false,250,0,0,0,0,0.00,false,false,"http:404"
okna-pvh-online.ru,ekb.okna-pvh-online.ru,false,250,0,0,0,0,0.00,false,false,"http:404"
perevodkvartiry.ru,ekb.perevodkvartiry.ru,false,209,0,0,0,0,0.00,false,false,"http:404"
ipoteka-remont.ru,ipoteka-remont.ru,false,5,0,0,0,0,0.00,false,false,"http:404"
kalkremont.ru,kalkremont.ru,false,9040,0,0,0,0,0.00,false,false,"verified:3problems"
dizayn-interyera-online.ru,krd.dizayn-interyera-online.ru,false,209,0,0,0,0,0.00,false,false,"http:404"
dveri-stalnye24.ru,krd.dveri-stalnye24.ru,false,209,0,0,0,0,0.00,false,false,"http:404"
kamin-zakaz24.ru,krd.kamin-zakaz24.ru,false,250,0,0,0,0,0.00,false,false,"http:404"
kupeshkafy24.ru,krd.kupeshkafy24.ru,false,209,0,0,0,0,0.00,false,false,"http:404"
natyazhnoi-master24.ru,krd.natyazhnoi-master24.ru,false,250,0,0,0,0,0.00,false,false,"http:404"
okna-pvh-online.ru,krd.okna-pvh-online.ru,false,250,0,0,0,0,0.00,false,false,"http:404"
perevodkvartiry.ru,krd.perevodkvartiry.ru,false,209,0,0,0,0,0.00,false,false,"http:404"
kuhni-zakaz-online.ru,kuhni-zakaz-online.ru,false,5,0,0,0,0,0.00,false,false,"http:404"
dizayn-interyera-online.ru,kzn.dizayn-interyera-online.ru,false,209,0,0,0,0,0.00,false,false,"http:404"
dveri-stalnye24.ru,kzn.dveri-stalnye24.ru,false,209,0,0,0,0,0.00,false,false,"http:404"
kamin-zakaz24.ru,kzn.kamin-zakaz24.ru,false,250,0,0,0,0,0.00,false,false,"http:404"
kupeshkafy24.ru,kzn.kupeshkafy24.ru,false,209,0,0,0,0,0.00,false,false,"http:404"
natyazhnoi-master24.ru,kzn.natyazhnoi-master24.ru,false,250,0,0,0,0,0.00,false,false,"http:404"
okna-pvh-online.ru,kzn.okna-pvh-online.ru,false,250,0,0,0,0,0.00,false,false,"http:404"
perevodkvartiry.ru,kzn.perevodkvartiry.ru,false,209,0,0,0,0,0.00,false,false,"http:404"
dizayn-interyera-online.ru,moskva.dizayn-interyera-online.ru,false,209,0,0,0,0,0.00,false,false,"http:404"
dveri-stalnye24.ru,moskva.dveri-stalnye24.ru,false,209,0,0,0,0,0.00,false,false,"http:404"
kamin-zakaz24.ru,moskva.kamin-zakaz24.ru,false,250,0,0,0,0,0.00,false,false,"http:404"
kupeshkafy24.ru,moskva.kupeshkafy24.ru,false,209,0,0,0,0,0.00,false,false,"http:404"
natyazhnoi-master24.ru,moskva.natyazhnoi-master24.ru,false,250,0,0,0,0,0.00,false,false,"http:404"
okna-pvh-online.ru,moskva.okna-pvh-online.ru,false,250,0,0,0,0,0.00,false,false,"http:404"
perevodkvartiry.ru,moskva.perevodkvartiry.ru,false,209,0,0,0,0,0.00,false,false,"http:404"
dizayn-interyera-online.ru,nn.dizayn-interyera-online.ru,false,209,0,0,0,0,0.00,false,false,"http:404"
dveri-stalnye24.ru,nn.dveri-stalnye24.ru,false,209,0,0,0,0,0.00,false,false,"http:404"
kamin-zakaz24.ru,nn.kamin-zakaz24.ru,false,250,0,0,0,0,0.00,false,false,"http:404"
kupeshkafy24.ru,nn.kupeshkafy24.ru,false,209,0,0,0,0,0.00,false,false,"http:404"
natyazhnoi-master24.ru,nn.natyazhnoi-master24.ru,false,250,0,0,0,0,0.00,false,false,"http:404"
okna-pvh-online.ru,nn.okna-pvh-online.ru,false,250,0,0,0,0,0.00,false,false,"http:404"
perevodkvartiry.ru,nn.perevodkvartiry.ru,false,209,0,0,0,0,0.00,false,false,"http:404"
dizayn-interyera-online.ru,nsk.dizayn-interyera-online.ru,false,209,0,0,0,0,0.00,false,false,"http:404"
dveri-stalnye24.ru,nsk.dveri-stalnye24.ru,false,209,0,0,0,0,0.00,false,false,"http:404"
kamin-zakaz24.ru,nsk.kamin-zakaz24.ru,false,250,0,0,0,0,0.00,false,false,"http:404"
kupeshkafy24.ru,nsk.kupeshkafy24.ru,false,209,0,0,0,0,0.00,false,false,"http:404"
natyazhnoi-master24.ru,nsk.natyazhnoi-master24.ru,false,250,0,0,0,0,0.00,false,false,"http:404"
okna-pvh-online.ru,nsk.okna-pvh-online.ru,false,250,0,0,0,0,0.00,false,false,"http:404"
perevodkvartiry.ru,nsk.perevodkvartiry.ru,false,209,0,0,0,0,0.00,false,false,"http:404"
dizayn-interyera-online.ru,perm.dizayn-interyera-online.ru,false,209,0,0,0,0,0.00,false,false,"http:404"
dveri-stalnye24.ru,perm.dveri-stalnye24.ru,false,209,0,0,0,0,0.00,false,false,"http:404"
kamin-zakaz24.ru,perm.kamin-zakaz24.ru,false,250,0,0,0,0,0.00,false,false,"http:404"
kupeshkafy24.ru,perm.kupeshkafy24.ru,false,209,0,0,0,0,0.00,false,false,"http:404"
natyazhnoi-master24.ru,perm.natyazhnoi-master24.ru,false,250,0,0,0,0,0.00,false,false,"http:404"
okna-pvh-online.ru,perm.okna-pvh-online.ru,false,250,0,0,0,0,0.00,false,false,"http:404"
perevodkvartiry.ru,perm.perevodkvartiry.ru,false,209,0,0,0,0,0.00,false,false,"http:404"
dizayn-interyera-online.ru,rnd.dizayn-interyera-online.ru,false,209,0,0,0,0,0.00,false,false,"http:404"
dveri-stalnye24.ru,rnd.dveri-stalnye24.ru,false,209,0,0,0,0,0.00,false,false,"http:404"
kamin-zakaz24.ru,rnd.kamin-zakaz24.ru,false,250,0,0,0,0,0.00,false,false,"http:404"
kupeshkafy24.ru,rnd.kupeshkafy24.ru,false,209,0,0,0,0,0.00,false,false,"http:404"
natyazhnoi-master24.ru,rnd.natyazhnoi-master24.ru,false,250,0,0,0,0,0.00,false,false,"http:404"
okna-pvh-online.ru,rnd.okna-pvh-online.ru,false,250,0,0,0,0,0.00,false,false,"http:404"
perevodkvartiry.ru,rnd.perevodkvartiry.ru,false,209,0,0,0,0,0.00,false,false,"http:404"
dizayn-interyera-online.ru,sam.dizayn-interyera-online.ru,false,209,0,0,0,0,0.00,false,false,"http:404"
dveri-stalnye24.ru,sam.dveri-stalnye24.ru,false,209,0,0,0,0,0.00,false,false,"http:404"
kamin-zakaz24.ru,sam.kamin-zakaz24.ru,false,250,0,0,0,0,0.00,false,false,"http:404"
kupeshkafy24.ru,sam.kupeshkafy24.ru,false,209,0,0,0,0,0.00,false,false,"http:404"
natyazhnoi-master24.ru,sam.natyazhnoi-master24.ru,false,250,0,0,0,0,0.00,false,false,"http:404"
okna-pvh-online.ru,sam.okna-pvh-online.ru,false,250,0,0,0,0,0.00,false,false,"http:404"
perevodkvartiry.ru,sam.perevodkvartiry.ru,false,209,0,0,0,0,0.00,false,false,"http:404"
dizayn-interyera-online.ru,spb.dizayn-interyera-online.ru,false,209,0,0,0,0,0.00,false,false,"http:404"
dveri-stalnye24.ru,spb.dveri-stalnye24.ru,false,209,0,0,0,0,0.00,false,false,"http:404"
kamin-zakaz24.ru,spb.kamin-zakaz24.ru,false,250,0,0,0,0,0.00,false,false,"http:404"
kupeshkafy24.ru,spb.kupeshkafy24.ru,false,209,0,0,0,0,0.00,false,false,"http:404"
natyazhnoi-master24.ru,spb.natyazhnoi-master24.ru,false,250,0,0,0,0,0.00,false,false,"http:404"
okna-pvh-online.ru,spb.okna-pvh-online.ru,false,250,0,0,0,0,0.00,false,false,"http:404"
perevodkvartiry.ru,spb.perevodkvartiry.ru,false,209,0,0,0,0,0.00,false,false,"http:404"
dizayn-interyera-online.ru,tyumen.dizayn-interyera-online.ru,false,209,0,0,0,0,0.00,false,false,"http:404"
dveri-stalnye24.ru,tyumen.dveri-stalnye24.ru,false,209,0,0,0,0,0.00,false,false,"http:404"
kamin-zakaz24.ru,tyumen.kamin-zakaz24.ru,false,250,0,0,0,0,0.00,false,false,"http:404"
kupeshkafy24.ru,tyumen.kupeshkafy24.ru,false,209,0,0,0,0,0.00,false,false,"http:404"
natyazhnoi-master24.ru,tyumen.natyazhnoi-master24.ru,false,250,0,0,0,0,0.00,false,false,"http:404"
okna-pvh-online.ru,tyumen.okna-pvh-online.ru,false,250,0,0,0,0,0.00,false,false,"http:404"
perevodkvartiry.ru,tyumen.perevodkvartiry.ru,false,209,0,0,0,0,0.00,false,false,"http:404"
dizayn-interyera-online.ru,ufa.dizayn-interyera-online.ru,false,209,0,0,0,0,0.00,false,false,"http:404"
dveri-stalnye24.ru,ufa.dveri-stalnye24.ru,false,209,0,0,0,0,0.00,false,false,"http:404"
kamin-zakaz24.ru,ufa.kamin-zakaz24.ru,false,250,0,0,0,0,0.00,false,false,"http:404"
kupeshkafy24.ru,ufa.kupeshkafy24.ru,false,209,0,0,0,0,0.00,false,false,"http:404"
natyazhnoi-master24.ru,ufa.natyazhnoi-master24.ru,false,250,0,0,0,0,0.00,false,false,"http:404"
okna-pvh-online.ru,ufa.okna-pvh-online.ru,false,250,0,0,0,0,0.00,false,false,"http:404"
perevodkvartiry.ru,ufa.perevodkvartiry.ru,false,209,0,0,0,0,0.00,false,false,"http:404"
dizayn-interyera-online.ru,vlg.dizayn-interyera-online.ru,false,209,0,0,0,0,0.00,false,false,"http:404"
dveri-stalnye24.ru,vlg.dveri-stalnye24.ru,false,209,0,0,0,0,0.00,false,false,"http:404"
kamin-zakaz24.ru,vlg.kamin-zakaz24.ru,false,250,0,0,0,0,0.00,false,false,"http:404"
kupeshkafy24.ru,vlg.kupeshkafy24.ru,false,209,0,0,0,0,0.00,false,false,"http:404"
natyazhnoi-master24.ru,vlg.natyazhnoi-master24.ru,false,250,0,0,0,0,0.00,false,false,"http:404"
okna-pvh-online.ru,vlg.okna-pvh-online.ru,false,250,0,0,0,0,0.00,false,false,"http:404"
perevodkvartiry.ru,vlg.perevodkvartiry.ru,false,209,0,0,0,0,0.00,false,false,"http:404"
dizayn-interyera-online.ru,vrn.dizayn-interyera-online.ru,false,209,0,0,0,0,0.00,false,false,"http:404"
dveri-stalnye24.ru,vrn.dveri-stalnye24.ru,false,209,0,0,0,0,0.00,false,false,"http:404"
kamin-zakaz24.ru,vrn.kamin-zakaz24.ru,false,250,0,0,0,0,0.00,false,false,"http:404"
kupeshkafy24.ru,vrn.kupeshkafy24.ru,false,209,0,0,0,0,0.00,false,false,"http:404"
natyazhnoi-master24.ru,vrn.natyazhnoi-master24.ru,false,250,0,0,0,0,0.00,false,false,"http:404"
okna-pvh-online.ru,vrn.okna-pvh-online.ru,false,250,0,0,0,0,0.00,false,false,"http:404"
perevodkvartiry.ru,vrn.perevodkvartiry.ru,false,209,0,0,0,0,0.00,false,false,"http:404"