host,ok,blocked,quota_left,result
dizayn.kalkremont.ru,0,0,0,"quota_exhausted_today(ok=0)"
balkony.kalkremont.ru,0,0,0,"quota_exhausted_today(ok=0)"
fasad.kalkremont.ru,0,0,0,"quota_exhausted_today(ok=0)"
kondicioner.kalkremont.ru,0,0,0,"quota_exhausted_today(ok=0)"
okna.kalkremont.ru,0,0,0,"quota_exhausted_today(ok=0)"
potolki.kalkremont.ru,0,0,0,"quota_exhausted_today(ok=0)"
santehnika.kalkremont.ru,0,0,0,"quota_exhausted_today(ok=0)"
demontazh.kalkremont.ru,0,0,0,"quota_exhausted_today(ok=0)"
dveri.kalkremont.ru,0,0,0,"quota_exhausted_today(ok=0)"
elektro.kalkremont.ru,0,0,0,"quota_exhausted_today(ok=0)"
kuhni.kalkremont.ru,0,0,0,"quota_exhausted_today(ok=0)"
styazhka.kalkremont.ru,0,0,0,"quota_exhausted_today(ok=0)"
uborka.kalkremont.ru,0,0,0,"quota_exhausted_today(ok=0)"
vannye.kalkremont.ru,0,0,0,"quota_exhausted_today(ok=0)"
moskva.kalkremont.ru,0,0,0,"quota_exhausted_today(ok=0)"
ufa.kalkremont.ru,0,0,0,"quota_exhausted_today(ok=0)"
kzn.kalkremont.ru,0,0,0,"quota_exhausted_today(ok=0)"
rnd.kalkremont.ru,0,0,0,"quota_exhausted_today(ok=0)"
perm.kalkremont.ru,0,0,0,"quota_exhausted_today(ok=0)"
vlg.kalkremont.ru,0,0,0,"quota_exhausted_today(ok=0)"
nn.kalkremont.ru,0,0,0,"quota_exhausted_today(ok=0)"
ekb.kalkremont.ru,0,0,0,"quota_exhausted_today(ok=0)"
nsk.kalkremont.ru,0,0,0,"quota_exhausted_today(ok=0)"
spb.kalkremont.ru,0,0,0,"quota_exhausted_today(ok=0)"
chel.kalkremont.ru,0,0,0,"quota_exhausted_today(ok=0)"
sam.kalkremont.ru,0,0,0,"quota_exhausted_today(ok=0)"
vrn.kalkremont.ru,0,0,0,"quota_exhausted_today(ok=0)"
krd.kalkremont.ru,0,0,0,"quota_exhausted_today(ok=0)"
price.kalkremont.ru,0,0,0,"quota_exhausted_today(ok=0)"
brn.kalkremont.ru,0,0,0,"quota_exhausted_today(ok=0)"
tyumen.kalkremont.ru,0,0,0,"quota_exhausted_today(ok=0)"
kamin-zakaz24.ru,138,0,0,"quota_exhausted_today(ok=138)"
natyazhnoi-master24.ru,138,0,0,"quota_exhausted_today(ok=138)"
okna-pvh-online.ru,140,0,0,"quota_exhausted_today(ok=140)"
dizayn-interyera-online.ru,92,0,0,"quota_exhausted_today(ok=92)"
dveri-stalnye24.ru,145,0,0,"quota_exhausted_today(ok=145)"
kupeshkafy24.ru,140,0,0,"quota_exhausted_today(ok=140)"
perevodkvartiry.ru,140,0,0,"quota_exhausted_today(ok=140)"
yar.kalkremont.ru,0,0,0,"quota_exhausted_today(ok=0)"
izh.kalkremont.ru,0,0,0,"quota_exhausted_today(ok=0)"
kem.kalkremont.ru,0,0,0,"quota_exhausted_today(ok=0)"
khv.kalkremont.ru,0,0,0,"quota_exhausted_today(ok=0)"
sar.kalkremont.ru,0,0,0,"quota_exhausted_today(ok=0)"
tul.kalkremont.ru,0,0,0,"quota_exhausted_today(ok=0)"
astr.kalkremont.ru,0,0,0,"quota_exhausted_today(ok=0)"
irk.kalkremont.ru,0,0,0,"quota_exhausted_today(ok=0)"
kir.kalkremont.ru,0,0,0,"quota_exhausted_today(ok=0)"
kld.kalkremont.ru,0,0,0,"quota_exhausted_today(ok=0)"
lpk.kalkremont.ru,0,0,0,"quota_exhausted_today(ok=0)"
oren.kalkremont.ru,0,0,0,"quota_exhausted_today(ok=0)"
pnz.kalkremont.ru,0,0,0,"quota_exhausted_today(ok=0)"
rzn.kalkremont.ru,0,0,0,"quota_exhausted_today(ok=0)"
vvo.kalkremont.ru,0,0,0,"quota_exhausted_today(ok=0)"
cbx.kalkremont.ru,0,0,0,"quota_exhausted_today(ok=0)"
tlt.kalkremont.ru,0,0,0,"quota_exhausted_today(ok=0)"
sovety.kalkremont.ru,0,0,0,"quota_exhausted_today(ok=0)"
brn.ipoteka-remont.ru,5,0,146,"quota_left=146"
brn.kuhni-zakaz-online.ru,5,0,146,"quota_left=146"
chel.ipoteka-remont.ru,5,0,141,"quota_left=141"
chel.kuhni-zakaz-online.ru,5,0,141,"quota_left=141"
ekb.dom-stroy-online.ru,5,0,142,"quota_left=142"
ekb.ipoteka-remont.ru,5,0,136,"quota_left=136"
ekb.kuhni-zakaz-online.ru,5,0,136,"quota_left=136"
krd.dom-stroy-online.ru,5,0,137,"quota_left=137"
krd.ipoteka-remont.ru,5,0,131,"quota_left=131"
krd.kuhni-zakaz-online.ru,5,0,131,"quota_left=131"
kzn.dom-stroy-online.ru,5,0,132,"quota_left=132"
kzn.ipoteka-remont.ru,5,0,126,"quota_left=126"
kzn.kuhni-zakaz-online.ru,5,0,126,"quota_left=126"
moskva.dom-stroy-online.ru,5,0,127,"quota_left=127"
moskva.ipoteka-remont.ru,5,0,121,"quota_left=121"
moskva.kuhni-zakaz-online.ru,5,0,121,"quota_left=121"
nn.dom-stroy-online.ru,5,0,122,"quota_left=122"
nn.ipoteka-remont.ru,5,0,116,"quota_left=116"
nn.kuhni-zakaz-online.ru,5,0,116,"quota_left=116"
nsk.dom-stroy-online.ru,5,0,117,"quota_left=117"
nsk.ipoteka-remont.ru,5,0,111,"quota_left=111"
nsk.kuhni-zakaz-online.ru,5,0,111,"quota_left=111"
perm.ipoteka-remont.ru,5,0,106,"quota_left=106"
perm.kuhni-zakaz-online.ru,5,0,106,"quota_left=106"
rnd.ipoteka-remont.ru,5,0,101,"quota_left=101"
rnd.kuhni-zakaz-online.ru,5,0,101,"quota_left=101"
sam.ipoteka-remont.ru,5,0,96,"quota_left=96"
sam.kuhni-zakaz-online.ru,5,0,96,"quota_left=96"
spb.dom-stroy-online.ru,5,0,112,"quota_left=112"
spb.ipoteka-remont.ru,5,0,91,"quota_left=91"
spb.kuhni-zakaz-online.ru,5,0,91,"quota_left=91"
tyumen.ipoteka-remont.ru,5,0,86,"quota_left=86"
tyumen.kuhni-zakaz-online.ru,5,0,86,"quota_left=86"
ufa.ipoteka-remont.ru,5,0,81,"quota_left=81"
ufa.kuhni-zakaz-online.ru,5,0,81,"quota_left=81"
vlg.ipoteka-remont.ru,5,0,76,"quota_left=76"
vlg.kuhni-zakaz-online.ru,5,0,76,"quota_left=76"
vrn.ipoteka-remont.ru,5,0,71,"quota_left=71"
vrn.kuhni-zakaz-online.ru,5,0,71,"quota_left=71"
brand.kalkremont.ru,0,0,0,"quota_exhausted_today(ok=0)"