url,host,service,city,page_type,query_cluster,estimated_money_score,reason_to_create,required_unique_blocks,internal_link_sources,canonical,sitemap_target,indexnow_eligible,risk_level
https://www.kalkremont.ru/dizayn-interyera/cena/v-moskve/,www.kalkremont.ru,Дизайн интерьера,Москва,price,Дизайн цена/стоимость в Москве,43.6,Высокий коммерческий интент «цена/стоимость»; уникальная матрица цен 2 100–8 400 ₽/м² (city.priceMult=1.4) × 10 подтипов; страницы /dizayn-interyera/cena/v-moskve/ ещё нет,h1-уникальный | intro-город-Москва | price-matrix(подтипы×city.priceMult) | table-смета-пример-по-площади | calc-cta-выше-сгиба | lead-form-sticky | faq-5-город | sroki-timeline | breadcrumbs | internal-links-6,https://www.kalkremont.ru/dizayn-interyera/ ; https://www.kalkremont.ru/dizayn-interyera/v-moskve/ ; https://www.kalkremont.ru/dizayn-interyera/cena/ ; https://www.kalkremont.ru/stoimost-remonta/ ; https://moskva.kalkremont.ru/,https://www.kalkremont.ru/dizayn-interyera/cena/v-moskve/,https://www.kalkremont.ru/sitemap.xml,yes,low
https://www.kalkremont.ru/remont-vannoy/cena/v-moskve/,www.kalkremont.ru,Ремонт ванной комнаты,Москва,price,Ремонт ванной цена/стоимость в Москве,41.18,Высокий коммерческий интент «цена/стоимость»; уникальная матрица цен 35 000–84 000 ₽/м² (city.priceMult=1.4) × 6 подтипов; страницы /remont-vannoy/cena/v-moskve/ ещё нет,h1-уникальный | intro-город-Москва | price-matrix(подтипы×city.priceMult) | table-смета-пример-по-площади | calc-cta-выше-сгиба | lead-form-sticky | faq-5-город | sroki-timeline | breadcrumbs | internal-links-6,https://www.kalkremont.ru/remont-vannoy/ ; https://www.kalkremont.ru/remont-vannoy/v-moskve/ ; https://www.kalkremont.ru/remont-vannoy/cena/ ; https://www.kalkremont.ru/stoimost-remonta/ ; https://moskva.kalkremont.ru/,https://www.kalkremont.ru/remont-vannoy/cena/v-moskve/,https://www.kalkremont.ru/sitemap.xml,yes,low
https://www.kalkremont.ru/remont-kuhni/cena/v-moskve/,www.kalkremont.ru,Ремонт кухни,Москва,price,Ремонт кухни цена/стоимость в Москве,39.73,Высокий коммерческий интент «цена/стоимость»; уникальная матрица цен 25 200–63 000 ₽/м² (city.priceMult=1.4) × 6 подтипов; страницы /remont-kuhni/cena/v-moskve/ ещё нет,h1-уникальный | intro-город-Москва | price-matrix(подтипы×city.priceMult) | table-смета-пример-по-площади | calc-cta-выше-сгиба | lead-form-sticky | faq-5-город | sroki-timeline | breadcrumbs | internal-links-6,https://www.kalkremont.ru/remont-kuhni/ ; https://www.kalkremont.ru/remont-kuhni/v-moskve/ ; https://www.kalkremont.ru/remont-kuhni/cena/ ; https://www.kalkremont.ru/stoimost-remonta/ ; https://moskva.kalkremont.ru/,https://www.kalkremont.ru/remont-kuhni/cena/v-moskve/,https://www.kalkremont.ru/sitemap.xml,yes,low
https://www.kalkremont.ru/remont-vannoy/pod-klyuch/v-moskve/,www.kalkremont.ru,Ремонт ванной комнаты,Москва,turnkey,Ремонт ванной под ключ в Москве,39.01,Интент «под ключ» + город; полный цикл 35 000–84 000 ₽/м² (priceMult=1); страницы /remont-vannoy/pod-klyuch/v-moskve/ ещё нет (подтип pod-klyuch есть только без города),h1-уникальный | intro-под-ключ-Москва | price-блок-под-ключ | scope-что-входит-под-ключ | calc-cta-выше-сгиба | lead-form-sticky | faq-5-город | sroki-timeline | breadcrumbs | internal-links-6,https://www.kalkremont.ru/remont-vannoy/ ; https://www.kalkremont.ru/remont-vannoy/pod-klyuch/ ; https://www.kalkremont.ru/remont-vannoy/v-moskve/ ; https://www.kalkremont.ru/remont-vannoy/cena/v-moskve/ ; https://moskva.kalkremont.ru/,https://www.kalkremont.ru/remont-vannoy/pod-klyuch/v-moskve/,https://www.kalkremont.ru/sitemap.xml,yes,low
https://www.kalkremont.ru/remont-kuhni/pod-klyuch/v-moskve/,www.kalkremont.ru,Ремонт кухни,Москва,turnkey,Ремонт кухни под ключ в Москве,37.64,Интент «под ключ» + город; полный цикл 25 200–63 000 ₽/м² (priceMult=1); страницы /remont-kuhni/pod-klyuch/v-moskve/ ещё нет (подтип pod-klyuch есть только без города),h1-уникальный | intro-под-ключ-Москва | price-блок-под-ключ | scope-что-входит-под-ключ | calc-cta-выше-сгиба | lead-form-sticky | faq-5-город | sroki-timeline | breadcrumbs | internal-links-6,https://www.kalkremont.ru/remont-kuhni/ ; https://www.kalkremont.ru/remont-kuhni/pod-klyuch/ ; https://www.kalkremont.ru/remont-kuhni/v-moskve/ ; https://www.kalkremont.ru/remont-kuhni/cena/v-moskve/ ; https://moskva.kalkremont.ru/,https://www.kalkremont.ru/remont-kuhni/pod-klyuch/v-moskve/,https://www.kalkremont.ru/sitemap.xml,yes,low
https://www.kalkremont.ru/dizayn-interyera/cena/v-sankt-peterburge/,www.kalkremont.ru,Дизайн интерьера,Санкт-Петербург,price,Дизайн цена/стоимость в Санкт-Петербурге,37.06,Высокий коммерческий интент «цена/стоимость»; уникальная матрица цен 2 000–7 800 ₽/м² (city.priceMult=1.3) × 10 подтипов; страницы /dizayn-interyera/cena/v-sankt-peterburge/ ещё нет,h1-уникальный | intro-город-Санкт-Петербург | price-matrix(подтипы×city.priceMult) | table-смета-пример-по-площади | calc-cta-выше-сгиба | lead-form-sticky | faq-5-город | sroki-timeline | breadcrumbs | internal-links-6,https://www.kalkremont.ru/dizayn-interyera/ ; https://www.kalkremont.ru/dizayn-interyera/v-sankt-peterburge/ ; https://www.kalkremont.ru/dizayn-interyera/cena/ ; https://www.kalkremont.ru/stoimost-remonta/ ; https://spb.kalkremont.ru/,https://www.kalkremont.ru/dizayn-interyera/cena/v-sankt-peterburge/,https://www.kalkremont.ru/sitemap.xml,yes,low
https://www.kalkremont.ru/remont-vannoy/cena/v-sankt-peterburge/,www.kalkremont.ru,Ремонт ванной комнаты,Санкт-Петербург,price,Ремонт ванной цена/стоимость в Санкт-Петербурге,35.01,Высокий коммерческий интент «цена/стоимость»; уникальная матрица цен 32 500–78 000 ₽/м² (city.priceMult=1.3) × 6 подтипов; страницы /remont-vannoy/cena/v-sankt-peterburge/ ещё нет,h1-уникальный | intro-город-Санкт-Петербург | price-matrix(подтипы×city.priceMult) | table-смета-пример-по-площади | calc-cta-выше-сгиба | lead-form-sticky | faq-5-город | sroki-timeline | breadcrumbs | internal-links-6,https://www.kalkremont.ru/remont-vannoy/ ; https://www.kalkremont.ru/remont-vannoy/v-sankt-peterburge/ ; https://www.kalkremont.ru/remont-vannoy/cena/ ; https://www.kalkremont.ru/stoimost-remonta/ ; https://spb.kalkremont.ru/,https://www.kalkremont.ru/remont-vannoy/cena/v-sankt-peterburge/,https://www.kalkremont.ru/sitemap.xml,yes,low
https://www.kalkremont.ru/natyazhnye-potolki/cena/v-moskve/,www.kalkremont.ru,Натяжные потолки,Москва,price,Натяжные потолки цена/стоимость в Москве,33.91,Высокий коммерческий интент «цена/стоимость»; уникальная матрица цен 800–4 900 ₽/м² (city.priceMult=1.4) × 7 подтипов; страницы /natyazhnye-potolki/cena/v-moskve/ ещё нет,h1-уникальный | intro-город-Москва | price-matrix(подтипы×city.priceMult) | table-смета-пример-по-площади | calc-cta-выше-сгиба | lead-form-sticky | faq-5-город | sroki-timeline | breadcrumbs | internal-links-6,https://www.kalkremont.ru/natyazhnye-potolki/ ; https://www.kalkremont.ru/natyazhnye-potolki/v-moskve/ ; https://www.kalkremont.ru/natyazhnye-potolki/cena/ ; https://www.kalkremont.ru/stoimost-remonta/ ; https://moskva.kalkremont.ru/,https://www.kalkremont.ru/natyazhnye-potolki/cena/v-moskve/,https://www.kalkremont.ru/sitemap.xml,yes,low
https://www.kalkremont.ru/remont-kuhni/cena/v-sankt-peterburge/,www.kalkremont.ru,Ремонт кухни,Санкт-Петербург,price,Ремонт кухни цена/стоимость в Санкт-Петербурге,33.77,Высокий коммерческий интент «цена/стоимость»; уникальная матрица цен 23 400–58 500 ₽/м² (city.priceMult=1.3) × 6 подтипов; страницы /remont-kuhni/cena/v-sankt-peterburge/ ещё нет,h1-уникальный | intro-город-Санкт-Петербург | price-matrix(подтипы×city.priceMult) | table-смета-пример-по-площади | calc-cta-выше-сгиба | lead-form-sticky | faq-5-город | sroki-timeline | breadcrumbs | internal-links-6,https://www.kalkremont.ru/remont-kuhni/ ; https://www.kalkremont.ru/remont-kuhni/v-sankt-peterburge/ ; https://www.kalkremont.ru/remont-kuhni/cena/ ; https://www.kalkremont.ru/stoimost-remonta/ ; https://spb.kalkremont.ru/,https://www.kalkremont.ru/remont-kuhni/cena/v-sankt-peterburge/,https://www.kalkremont.ru/sitemap.xml,yes,low
https://www.kalkremont.ru/remont-vannoy/pod-klyuch/v-sankt-peterburge/,www.kalkremont.ru,Ремонт ванной комнаты,Санкт-Петербург,turnkey,Ремонт ванной под ключ в Санкт-Петербурге,33.16,Интент «под ключ» + город; полный цикл 32 500–78 000 ₽/м² (priceMult=1); страницы /remont-vannoy/pod-klyuch/v-sankt-peterburge/ ещё нет (подтип pod-klyuch есть только без города),h1-уникальный | intro-под-ключ-Санкт-Петербург | price-блок-под-ключ | scope-что-входит-под-ключ | calc-cta-выше-сгиба | lead-form-sticky | faq-5-город | sroki-timeline | breadcrumbs | internal-links-6,https://www.kalkremont.ru/remont-vannoy/ ; https://www.kalkremont.ru/remont-vannoy/pod-klyuch/ ; https://www.kalkremont.ru/remont-vannoy/v-sankt-peterburge/ ; https://www.kalkremont.ru/remont-vannoy/cena/v-sankt-peterburge/ ; https://spb.kalkremont.ru/,https://www.kalkremont.ru/remont-vannoy/pod-klyuch/v-sankt-peterburge/,https://www.kalkremont.ru/sitemap.xml,yes,low
https://www.kalkremont.ru/remont-kuhni/pod-klyuch/v-sankt-peterburge/,www.kalkremont.ru,Ремонт кухни,Санкт-Петербург,turnkey,Ремонт кухни под ключ в Санкт-Петербурге,31.99,Интент «под ключ» + город; полный цикл 23 400–58 500 ₽/м² (priceMult=1); страницы /remont-kuhni/pod-klyuch/v-sankt-peterburge/ ещё нет (подтип pod-klyuch есть только без города),h1-уникальный | intro-под-ключ-Санкт-Петербург | price-блок-под-ключ | scope-что-входит-под-ключ | calc-cta-выше-сгиба | lead-form-sticky | faq-5-город | sroki-timeline | breadcrumbs | internal-links-6,https://www.kalkremont.ru/remont-kuhni/ ; https://www.kalkremont.ru/remont-kuhni/pod-klyuch/ ; https://www.kalkremont.ru/remont-kuhni/v-sankt-peterburge/ ; https://www.kalkremont.ru/remont-kuhni/cena/v-sankt-peterburge/ ; https://spb.kalkremont.ru/,https://www.kalkremont.ru/remont-kuhni/pod-klyuch/v-sankt-peterburge/,https://www.kalkremont.ru/sitemap.xml,yes,low
https://www.kalkremont.ru/zamena-okon/cena/v-moskve/,www.kalkremont.ru,Замена окон,Москва,price,Окна цена/стоимость в Москве,31.49,Высокий коммерческий интент «цена/стоимость»; уникальная матрица цен 8 400–35 000 ₽/м² (city.priceMult=1.4) × 7 подтипов; страницы /zamena-okon/cena/v-moskve/ ещё нет,h1-уникальный | intro-город-Москва | price-matrix(подтипы×city.priceMult) | table-смета-пример-по-площади | calc-cta-выше-сгиба | lead-form-sticky | faq-5-город | sroki-timeline | breadcrumbs | internal-links-6,https://www.kalkremont.ru/zamena-okon/ ; https://www.kalkremont.ru/zamena-okon/v-moskve/ ; https://www.kalkremont.ru/zamena-okon/cena/ ; https://www.kalkremont.ru/stoimost-remonta/ ; https://moskva.kalkremont.ru/,https://www.kalkremont.ru/zamena-okon/cena/v-moskve/,https://www.kalkremont.ru/sitemap.xml,yes,low
https://www.kalkremont.ru/zamena-okon/pod-klyuch/v-moskve/,www.kalkremont.ru,Замена окон,Москва,turnkey,Окна под ключ в Москве,29.84,Интент «под ключ» + город; полный цикл 8 400–35 000 ₽/м² (priceMult=1); страницы /zamena-okon/pod-klyuch/v-moskve/ ещё нет (подтип pod-klyuch есть только без города),h1-уникальный | intro-под-ключ-Москва | price-блок-под-ключ | scope-что-входит-под-ключ | calc-cta-выше-сгиба | lead-form-sticky | faq-5-город | sroki-timeline | breadcrumbs | internal-links-6,https://www.kalkremont.ru/zamena-okon/ ; https://www.kalkremont.ru/zamena-okon/pod-klyuch/ ; https://www.kalkremont.ru/zamena-okon/v-moskve/ ; https://www.kalkremont.ru/zamena-okon/cena/v-moskve/ ; https://moskva.kalkremont.ru/,https://www.kalkremont.ru/zamena-okon/pod-klyuch/v-moskve/,https://www.kalkremont.ru/sitemap.xml,yes,low
https://www.kalkremont.ru/ustanovka-dverey/cena/v-moskve/,www.kalkremont.ru,Установка дверей,Москва,price,Установка дверей цена/стоимость в Москве,29.07,Высокий коммерческий интент «цена/стоимость»; уникальная матрица цен 6 300–25 200 ₽/м² (city.priceMult=1.4) × 6 подтипов; страницы /ustanovka-dverey/cena/v-moskve/ ещё нет,h1-уникальный | intro-город-Москва | price-matrix(подтипы×city.priceMult) | table-смета-пример-по-площади | calc-cta-выше-сгиба | lead-form-sticky | faq-5-город | sroki-timeline | breadcrumbs | internal-links-6,https://www.kalkremont.ru/ustanovka-dverey/ ; https://www.kalkremont.ru/ustanovka-dverey/v-moskve/ ; https://www.kalkremont.ru/ustanovka-dverey/cena/ ; https://www.kalkremont.ru/stoimost-remonta/ ; https://moskva.kalkremont.ru/,https://www.kalkremont.ru/ustanovka-dverey/cena/v-moskve/,https://www.kalkremont.ru/sitemap.xml,yes,low
https://www.kalkremont.ru/elektromontazh/cena/v-moskve/,www.kalkremont.ru,Электромонтажные работы,Москва,price,Электромонтаж цена/стоимость в Москве,29.07,Высокий коммерческий интент «цена/стоимость»; уникальная матрица цен 2 100–8 400 ₽/м² (city.priceMult=1.4) × 6 подтипов; страницы /elektromontazh/cena/v-moskve/ ещё нет,h1-уникальный | intro-город-Москва | price-matrix(подтипы×city.priceMult) | table-смета-пример-по-площади | calc-cta-выше-сгиба | lead-form-sticky | faq-5-город | sroki-timeline | breadcrumbs | internal-links-6,https://www.kalkremont.ru/elektromontazh/ ; https://www.kalkremont.ru/elektromontazh/v-moskve/ ; https://www.kalkremont.ru/elektromontazh/cena/ ; https://www.kalkremont.ru/stoimost-remonta/ ; https://moskva.kalkremont.ru/,https://www.kalkremont.ru/elektromontazh/cena/v-moskve/,https://www.kalkremont.ru/sitemap.xml,yes,low
https://www.kalkremont.ru/santehnicheskie-raboty/cena/v-moskve/,www.kalkremont.ru,Сантехнические работы,Москва,price,Сантехника цена/стоимость в Москве,29.07,Высокий коммерческий интент «цена/стоимость»; уникальная матрица цен 11 200–35 000 ₽/м² (city.priceMult=1.4) × 7 подтипов; страницы /santehnicheskie-raboty/cena/v-moskve/ ещё нет,h1-уникальный | intro-город-Москва | price-matrix(подтипы×city.priceMult) | table-смета-пример-по-площади | calc-cta-выше-сгиба | lead-form-sticky | faq-5-город | sroki-timeline | breadcrumbs | internal-links-6,https://www.kalkremont.ru/santehnicheskie-raboty/ ; https://www.kalkremont.ru/santehnicheskie-raboty/v-moskve/ ; https://www.kalkremont.ru/santehnicheskie-raboty/cena/ ; https://www.kalkremont.ru/stoimost-remonta/ ; https://moskva.kalkremont.ru/,https://www.kalkremont.ru/santehnicheskie-raboty/cena/v-moskve/,https://www.kalkremont.ru/sitemap.xml,yes,low
https://www.kalkremont.ru/natyazhnye-potolki/cena/v-sankt-peterburge/,www.kalkremont.ru,Натяжные потолки,Санкт-Петербург,price,Натяжные потолки цена/стоимость в Санкт-Петербурге,28.83,Высокий коммерческий интент «цена/стоимость»; уникальная матрица цен 800–4 600 ₽/м² (city.priceMult=1.3) × 7 подтипов; страницы /natyazhnye-potolki/cena/v-sankt-peterburge/ ещё нет,h1-уникальный | intro-город-Санкт-Петербург | price-matrix(подтипы×city.priceMult) | table-смета-пример-по-площади | calc-cta-выше-сгиба | lead-form-sticky | faq-5-город | sroki-timeline | breadcrumbs | internal-links-6,https://www.kalkremont.ru/natyazhnye-potolki/ ; https://www.kalkremont.ru/natyazhnye-potolki/v-sankt-peterburge/ ; https://www.kalkremont.ru/natyazhnye-potolki/cena/ ; https://www.kalkremont.ru/stoimost-remonta/ ; https://spb.kalkremont.ru/,https://www.kalkremont.ru/natyazhnye-potolki/cena/v-sankt-peterburge/,https://www.kalkremont.ru/sitemap.xml,yes,low
https://www.kalkremont.ru/balkony-i-lodzhii/cena/v-moskve/,www.kalkremont.ru,Ремонт балконов и лоджий,Москва,price,Балконы цена/стоимость в Москве,28.1,Высокий коммерческий интент «цена/стоимость»; уникальная матрица цен 16 800–49 000 ₽/м² (city.priceMult=1.4) × 7 подтипов; страницы /balkony-i-lodzhii/cena/v-moskve/ ещё нет,h1-уникальный | intro-город-Москва | price-matrix(подтипы×city.priceMult) | table-смета-пример-по-площади | calc-cta-выше-сгиба | lead-form-sticky | faq-5-город | sroki-timeline | breadcrumbs | internal-links-6,https://www.kalkremont.ru/balkony-i-lodzhii/ ; https://www.kalkremont.ru/balkony-i-lodzhii/v-moskve/ ; https://www.kalkremont.ru/balkony-i-lodzhii/cena/ ; https://www.kalkremont.ru/stoimost-remonta/ ; https://moskva.kalkremont.ru/,https://www.kalkremont.ru/balkony-i-lodzhii/cena/v-moskve/,https://www.kalkremont.ru/sitemap.xml,yes,low
https://www.kalkremont.ru/elektromontazh/pod-klyuch/v-moskve/,www.kalkremont.ru,Электромонтажные работы,Москва,turnkey,Электромонтаж под ключ в Москве,27.54,Интент «под ключ» + город; полный цикл 2 100–8 400 ₽/м² (priceMult=1); страницы /elektromontazh/pod-klyuch/v-moskve/ ещё нет (подтип pod-klyuch есть только без города),h1-уникальный | intro-под-ключ-Москва | price-блок-под-ключ | scope-что-входит-под-ключ | calc-cta-выше-сгиба | lead-form-sticky | faq-5-город | sroki-timeline | breadcrumbs | internal-links-6,https://www.kalkremont.ru/elektromontazh/ ; https://www.kalkremont.ru/elektromontazh/pod-klyuch/ ; https://www.kalkremont.ru/elektromontazh/v-moskve/ ; https://www.kalkremont.ru/elektromontazh/cena/v-moskve/ ; https://moskva.kalkremont.ru/,https://www.kalkremont.ru/elektromontazh/pod-klyuch/v-moskve/,https://www.kalkremont.ru/sitemap.xml,yes,low
https://www.kalkremont.ru/santehnicheskie-raboty/pod-klyuch/v-moskve/,www.kalkremont.ru,Сантехнические работы,Москва,turnkey,Сантехника под ключ в Москве,27.54,Интент «под ключ» + город; полный цикл 11 200–35 000 ₽/м² (priceMult=1); страницы /santehnicheskie-raboty/pod-klyuch/v-moskve/ ещё нет (подтип pod-klyuch есть только без города),h1-уникальный | intro-под-ключ-Москва | price-блок-под-ключ | scope-что-входит-под-ключ | calc-cta-выше-сгиба | lead-form-sticky | faq-5-город | sroki-timeline | breadcrumbs | internal-links-6,https://www.kalkremont.ru/santehnicheskie-raboty/ ; https://www.kalkremont.ru/santehnicheskie-raboty/pod-klyuch/ ; https://www.kalkremont.ru/santehnicheskie-raboty/v-moskve/ ; https://www.kalkremont.ru/santehnicheskie-raboty/cena/v-moskve/ ; https://moskva.kalkremont.ru/,https://www.kalkremont.ru/santehnicheskie-raboty/pod-klyuch/v-moskve/,https://www.kalkremont.ru/sitemap.xml,yes,low
https://www.kalkremont.ru/dizayn-interyera/cena/v-ekaterinburge/,www.kalkremont.ru,Дизайн интерьера,Екатеринбург,price,Дизайн цена/стоимость в Екатеринбурге,27.04,Высокий коммерческий интент «цена/стоимость»; уникальная матрица цен 1 500–6 000 ₽/м² (city.priceMult=1) × 10 подтипов; страницы /dizayn-interyera/cena/v-ekaterinburge/ ещё нет,h1-уникальный | intro-город-Екатеринбург | price-matrix(подтипы×city.priceMult) | table-смета-пример-по-площади | calc-cta-выше-сгиба | lead-form-sticky | faq-5-город | sroki-timeline | breadcrumbs | internal-links-6,https://www.kalkremont.ru/dizayn-interyera/ ; https://www.kalkremont.ru/dizayn-interyera/v-ekaterinburge/ ; https://www.kalkremont.ru/dizayn-interyera/cena/ ; https://www.kalkremont.ru/stoimost-remonta/ ; https://ekb.kalkremont.ru/,https://www.kalkremont.ru/dizayn-interyera/cena/v-ekaterinburge/,https://www.kalkremont.ru/sitemap.xml,yes,low
https://www.kalkremont.ru/zamena-okon/cena/v-sankt-peterburge/,www.kalkremont.ru,Замена окон,Санкт-Петербург,price,Окна цена/стоимость в Санкт-Петербурге,26.77,Высокий коммерческий интент «цена/стоимость»; уникальная матрица цен 7 800–32 500 ₽/м² (city.priceMult=1.3) × 7 подтипов; страницы /zamena-okon/cena/v-sankt-peterburge/ ещё нет,h1-уникальный | intro-город-Санкт-Петербург | price-matrix(подтипы×city.priceMult) | table-смета-пример-по-площади | calc-cta-выше-сгиба | lead-form-sticky | faq-5-город | sroki-timeline | breadcrumbs | internal-links-6,https://www.kalkremont.ru/zamena-okon/ ; https://www.kalkremont.ru/zamena-okon/v-sankt-peterburge/ ; https://www.kalkremont.ru/zamena-okon/cena/ ; https://www.kalkremont.ru/stoimost-remonta/ ; https://spb.kalkremont.ru/,https://www.kalkremont.ru/zamena-okon/cena/v-sankt-peterburge/,https://www.kalkremont.ru/sitemap.xml,yes,low
https://www.kalkremont.ru/styazhka-pola/cena/v-moskve/,www.kalkremont.ru,Стяжка пола,Москва,price,Стяжка цена/стоимость в Москве,26.65,Высокий коммерческий интент «цена/стоимость»; уникальная матрица цен 1 100–4 900 ₽/м² (city.priceMult=1.4) × 6 подтипов; страницы /styazhka-pola/cena/v-moskve/ ещё нет,h1-уникальный | intro-город-Москва | price-matrix(подтипы×city.priceMult) | table-смета-пример-по-площади | calc-cta-выше-сгиба | lead-form-sticky | faq-5-город | sroki-timeline | breadcrumbs | internal-links-6,https://www.kalkremont.ru/styazhka-pola/ ; https://www.kalkremont.ru/styazhka-pola/v-moskve/ ; https://www.kalkremont.ru/styazhka-pola/cena/ ; https://www.kalkremont.ru/stoimost-remonta/ ; https://moskva.kalkremont.ru/,https://www.kalkremont.ru/styazhka-pola/cena/v-moskve/,https://www.kalkremont.ru/sitemap.xml,yes,low
https://www.kalkremont.ru/montazh-konditsionerov/cena/v-moskve/,www.kalkremont.ru,Монтаж кондиционеров,Москва,price,Кондиционеры цена/стоимость в Москве,26.65,Высокий коммерческий интент «цена/стоимость»; уникальная матрица цен 7 700–25 200 ₽/м² (city.priceMult=1.4) × 7 подтипов; страницы /montazh-konditsionerov/cena/v-moskve/ ещё нет,h1-уникальный | intro-город-Москва | price-matrix(подтипы×city.priceMult) | table-смета-пример-по-площади | calc-cta-выше-сгиба | lead-form-sticky | faq-5-город | sroki-timeline | breadcrumbs | internal-links-6,https://www.kalkremont.ru/montazh-konditsionerov/ ; https://www.kalkremont.ru/montazh-konditsionerov/v-moskve/ ; https://www.kalkremont.ru/montazh-konditsionerov/cena/ ; https://www.kalkremont.ru/stoimost-remonta/ ; https://moskva.kalkremont.ru/,https://www.kalkremont.ru/montazh-konditsionerov/cena/v-moskve/,https://www.kalkremont.ru/sitemap.xml,yes,low
https://www.kalkremont.ru/uteplenie-fasada/cena/v-moskve/,www.kalkremont.ru,Утепление фасада,Москва,price,Утепление фасада цена/стоимость в Москве,26.65,Высокий коммерческий интент «цена/стоимость»; уникальная матрица цен 2 100–6 300 ₽/м² (city.priceMult=1.4) × 7 подтипов; страницы /uteplenie-fasada/cena/v-moskve/ ещё нет,h1-уникальный | intro-город-Москва | price-matrix(подтипы×city.priceMult) | table-смета-пример-по-площади | calc-cta-выше-сгиба | lead-form-sticky | faq-5-город | sroki-timeline | breadcrumbs | internal-links-6,https://www.kalkremont.ru/uteplenie-fasada/ ; https://www.kalkremont.ru/uteplenie-fasada/v-moskve/ ; https://www.kalkremont.ru/uteplenie-fasada/cena/ ; https://www.kalkremont.ru/stoimost-remonta/ ; https://moskva.kalkremont.ru/,https://www.kalkremont.ru/uteplenie-fasada/cena/v-moskve/,https://www.kalkremont.ru/sitemap.xml,yes,low
https://www.kalkremont.ru/balkony-i-lodzhii/pod-klyuch/v-moskve/,www.kalkremont.ru,Ремонт балконов и лоджий,Москва,turnkey,Балконы под ключ в Москве,26.62,Интент «под ключ» + город; полный цикл 16 800–49 000 ₽/м² (priceMult=1); страницы /balkony-i-lodzhii/pod-klyuch/v-moskve/ ещё нет (подтип pod-klyuch есть только без города),h1-уникальный | intro-под-ключ-Москва | price-блок-под-ключ | scope-что-входит-под-ключ | calc-cta-выше-сгиба | lead-form-sticky | faq-5-город | sroki-timeline | breadcrumbs | internal-links-6,https://www.kalkremont.ru/balkony-i-lodzhii/ ; https://www.kalkremont.ru/balkony-i-lodzhii/pod-klyuch/ ; https://www.kalkremont.ru/balkony-i-lodzhii/v-moskve/ ; https://www.kalkremont.ru/balkony-i-lodzhii/cena/v-moskve/ ; https://moskva.kalkremont.ru/,https://www.kalkremont.ru/balkony-i-lodzhii/pod-klyuch/v-moskve/,https://www.kalkremont.ru/sitemap.xml,yes,low
https://www.kalkremont.ru/dizayn-interyera/cena/v-novosibirske/,www.kalkremont.ru,Дизайн интерьера,Новосибирск,price,Дизайн цена/стоимость в Новосибирске,26.16,Высокий коммерческий интент «цена/стоимость»; уникальная матрица цен 1 400–5 700 ₽/м² (city.priceMult=0.95) × 10 подтипов; страницы /dizayn-interyera/cena/v-novosibirske/ ещё нет,h1-уникальный | intro-город-Новосибирск | price-matrix(подтипы×city.priceMult) | table-смета-пример-по-площади | calc-cta-выше-сгиба | lead-form-sticky | faq-5-город | sroki-timeline | breadcrumbs | internal-links-6,https://www.kalkremont.ru/dizayn-interyera/ ; https://www.kalkremont.ru/dizayn-interyera/v-novosibirske/ ; https://www.kalkremont.ru/dizayn-interyera/cena/ ; https://www.kalkremont.ru/stoimost-remonta/ ; https://nsk.kalkremont.ru/,https://www.kalkremont.ru/dizayn-interyera/cena/v-novosibirske/,https://www.kalkremont.ru/sitemap.xml,yes,low
https://www.kalkremont.ru/remont-vannoy/cena/v-ekaterinburge/,www.kalkremont.ru,Ремонт ванной комнаты,Екатеринбург,price,Ремонт ванной цена/стоимость в Екатеринбурге,25.53,Высокий коммерческий интент «цена/стоимость»; уникальная матрица цен 25 000–60 000 ₽/м² (city.priceMult=1) × 6 подтипов; страницы /remont-vannoy/cena/v-ekaterinburge/ ещё нет,h1-уникальный | intro-город-Екатеринбург | price-matrix(подтипы×city.priceMult) | table-смета-пример-по-площади | calc-cta-выше-сгиба | lead-form-sticky | faq-5-город | sroki-timeline | breadcrumbs | internal-links-6,https://www.kalkremont.ru/remont-vannoy/ ; https://www.kalkremont.ru/remont-vannoy/v-ekaterinburge/ ; https://www.kalkremont.ru/remont-vannoy/cena/ ; https://www.kalkremont.ru/stoimost-remonta/ ; https://ekb.kalkremont.ru/,https://www.kalkremont.ru/remont-vannoy/cena/v-ekaterinburge/,https://www.kalkremont.ru/sitemap.xml,yes,low
https://www.kalkremont.ru/zamena-okon/pod-klyuch/v-sankt-peterburge/,www.kalkremont.ru,Замена окон,Санкт-Петербург,turnkey,Окна под ключ в Санкт-Петербурге,25.36,Интент «под ключ» + город; полный цикл 7 800–32 500 ₽/м² (priceMult=1); страницы /zamena-okon/pod-klyuch/v-sankt-peterburge/ ещё нет (подтип pod-klyuch есть только без города),h1-уникальный | intro-под-ключ-Санкт-Петербург | price-блок-под-ключ | scope-что-входит-под-ключ | calc-cta-выше-сгиба | lead-form-sticky | faq-5-город | sroki-timeline | breadcrumbs | internal-links-6,https://www.kalkremont.ru/zamena-okon/ ; https://www.kalkremont.ru/zamena-okon/pod-klyuch/ ; https://www.kalkremont.ru/zamena-okon/v-sankt-peterburge/ ; https://www.kalkremont.ru/zamena-okon/cena/v-sankt-peterburge/ ; https://spb.kalkremont.ru/,https://www.kalkremont.ru/zamena-okon/pod-klyuch/v-sankt-peterburge/,https://www.kalkremont.ru/sitemap.xml,yes,low
https://www.kalkremont.ru/dizayn-interyera/cena/v-kazani/,www.kalkremont.ru,Дизайн интерьера,Казань,price,Дизайн цена/стоимость в Казани,25.29,Высокий коммерческий интент «цена/стоимость»; уникальная матрица цен 1 500–6 000 ₽/м² (city.priceMult=1) × 10 подтипов; страницы /dizayn-interyera/cena/v-kazani/ ещё нет,h1-уникальный | intro-город-Казань | price-matrix(подтипы×city.priceMult) | table-смета-пример-по-площади | calc-cta-выше-сгиба | lead-form-sticky | faq-5-город | sroki-timeline | breadcrumbs | internal-links-6,https://www.kalkremont.ru/dizayn-interyera/ ; https://www.kalkremont.ru/dizayn-interyera/v-kazani/ ; https://www.kalkremont.ru/dizayn-interyera/cena/ ; https://www.kalkremont.ru/stoimost-remonta/ ; https://kzn.kalkremont.ru/,https://www.kalkremont.ru/dizayn-interyera/cena/v-kazani/,https://www.kalkremont.ru/sitemap.xml,yes,low
https://www.kalkremont.ru/montazh-konditsionerov/pod-klyuch/v-moskve/,www.kalkremont.ru,Монтаж кондиционеров,Москва,turnkey,Кондиционеры под ключ в Москве,25.25,Интент «под ключ» + город; полный цикл 7 700–25 200 ₽/м² (priceMult=1); страницы /montazh-konditsionerov/pod-klyuch/v-moskve/ ещё нет (подтип pod-klyuch есть только без города),h1-уникальный | intro-под-ключ-Москва | price-блок-под-ключ | scope-что-входит-под-ключ | calc-cta-выше-сгиба | lead-form-sticky | faq-5-город | sroki-timeline | breadcrumbs | internal-links-6,https://www.kalkremont.ru/montazh-konditsionerov/ ; https://www.kalkremont.ru/montazh-konditsionerov/pod-klyuch/ ; https://www.kalkremont.ru/montazh-konditsionerov/v-moskve/ ; https://www.kalkremont.ru/montazh-konditsionerov/cena/v-moskve/ ; https://moskva.kalkremont.ru/,https://www.kalkremont.ru/montazh-konditsionerov/pod-klyuch/v-moskve/,https://www.kalkremont.ru/sitemap.xml,yes,low
https://www.kalkremont.ru/uteplenie-fasada/pod-klyuch/v-moskve/,www.kalkremont.ru,Утепление фасада,Москва,turnkey,Утепление фасада под ключ в Москве,25.25,Интент «под ключ» + город; полный цикл 2 100–6 300 ₽/м² (priceMult=1); страницы /uteplenie-fasada/pod-klyuch/v-moskve/ ещё нет (подтип pod-klyuch есть только без города),h1-уникальный | intro-под-ключ-Москва | price-блок-под-ключ | scope-что-входит-под-ключ | calc-cta-выше-сгиба | lead-form-sticky | faq-5-город | sroki-timeline | breadcrumbs | internal-links-6,https://www.kalkremont.ru/uteplenie-fasada/ ; https://www.kalkremont.ru/uteplenie-fasada/pod-klyuch/ ; https://www.kalkremont.ru/uteplenie-fasada/v-moskve/ ; https://www.kalkremont.ru/uteplenie-fasada/cena/v-moskve/ ; https://moskva.kalkremont.ru/,https://www.kalkremont.ru/uteplenie-fasada/pod-klyuch/v-moskve/,https://www.kalkremont.ru/sitemap.xml,yes,low
https://www.kalkremont.ru/dizayn-interyera/cena/v-krasnodare/,www.kalkremont.ru,Дизайн интерьера,Краснодар,price,Дизайн цена/стоимость в Краснодаре,24.85,Высокий коммерческий интент «цена/стоимость»; уникальная матрица цен 1 600–6 300 ₽/м² (city.priceMult=1.05) × 10 подтипов; страницы /dizayn-interyera/cena/v-krasnodare/ ещё нет,h1-уникальный | intro-город-Краснодар | price-matrix(подтипы×city.priceMult) | table-смета-пример-по-площади | calc-cta-выше-сгиба | lead-form-sticky | faq-5-город | sroki-timeline | breadcrumbs | internal-links-6,https://www.kalkremont.ru/dizayn-interyera/ ; https://www.kalkremont.ru/dizayn-interyera/v-krasnodare/ ; https://www.kalkremont.ru/dizayn-interyera/cena/ ; https://www.kalkremont.ru/stoimost-remonta/ ; https://krd.kalkremont.ru/,https://www.kalkremont.ru/dizayn-interyera/cena/v-krasnodare/,https://www.kalkremont.ru/sitemap.xml,yes,low
https://www.kalkremont.ru/remont-vannoy/cena/v-novosibirske/,www.kalkremont.ru,Ремонт ванной комнаты,Новосибирск,price,Ремонт ванной цена/стоимость в Новосибирске,24.71,Высокий коммерческий интент «цена/стоимость»; уникальная матрица цен 23 800–57 000 ₽/м² (city.priceMult=0.95) × 6 подтипов; страницы /remont-vannoy/cena/v-novosibirske/ ещё нет,h1-уникальный | intro-город-Новосибирск | price-matrix(подтипы×city.priceMult) | table-смета-пример-по-площади | calc-cta-выше-сгиба | lead-form-sticky | faq-5-город | sroki-timeline | breadcrumbs | internal-links-6,https://www.kalkremont.ru/remont-vannoy/ ; https://www.kalkremont.ru/remont-vannoy/v-novosibirske/ ; https://www.kalkremont.ru/remont-vannoy/cena/ ; https://www.kalkremont.ru/stoimost-remonta/ ; https://nsk.kalkremont.ru/,https://www.kalkremont.ru/remont-vannoy/cena/v-novosibirske/,https://www.kalkremont.ru/sitemap.xml,yes,low
https://www.kalkremont.ru/ustanovka-dverey/cena/v-sankt-peterburge/,www.kalkremont.ru,Установка дверей,Санкт-Петербург,price,Установка дверей цена/стоимость в Санкт-Петербурге,24.71,Высокий коммерческий интент «цена/стоимость»; уникальная матрица цен 5 900–23 400 ₽/м² (city.priceMult=1.3) × 6 подтипов; страницы /ustanovka-dverey/cena/v-sankt-peterburge/ ещё нет,h1-уникальный | intro-город-Санкт-Петербург | price-matrix(подтипы×city.priceMult) | table-смета-пример-по-площади | calc-cta-выше-сгиба | lead-form-sticky | faq-5-город | sroki-timeline | breadcrumbs | internal-links-6,https://www.kalkremont.ru/ustanovka-dverey/ ; https://www.kalkremont.ru/ustanovka-dverey/v-sankt-peterburge/ ; https://www.kalkremont.ru/ustanovka-dverey/cena/ ; https://www.kalkremont.ru/stoimost-remonta/ ; https://spb.kalkremont.ru/,https://www.kalkremont.ru/ustanovka-dverey/cena/v-sankt-peterburge/,https://www.kalkremont.ru/sitemap.xml,yes,low
https://www.kalkremont.ru/elektromontazh/cena/v-sankt-peterburge/,www.kalkremont.ru,Электромонтажные работы,Санкт-Петербург,price,Электромонтаж цена/стоимость в Санкт-Петербурге,24.71,Высокий коммерческий интент «цена/стоимость»; уникальная матрица цен 2 000–7 800 ₽/м² (city.priceMult=1.3) × 6 подтипов; страницы /elektromontazh/cena/v-sankt-peterburge/ ещё нет,h1-уникальный | intro-город-Санкт-Петербург | price-matrix(подтипы×city.priceMult) | table-смета-пример-по-площади | calc-cta-выше-сгиба | lead-form-sticky | faq-5-город | sroki-timeline | breadcrumbs | internal-links-6,https://www.kalkremont.ru/elektromontazh/ ; https://www.kalkremont.ru/elektromontazh/v-sankt-peterburge/ ; https://www.kalkremont.ru/elektromontazh/cena/ ; https://www.kalkremont.ru/stoimost-remonta/ ; https://spb.kalkremont.ru/,https://www.kalkremont.ru/elektromontazh/cena/v-sankt-peterburge/,https://www.kalkremont.ru/sitemap.xml,yes,low
https://www.kalkremont.ru/santehnicheskie-raboty/cena/v-sankt-peterburge/,www.kalkremont.ru,Сантехнические работы,Санкт-Петербург,price,Сантехника цена/стоимость в Санкт-Петербурге,24.71,Высокий коммерческий интент «цена/стоимость»; уникальная матрица цен 10 400–32 500 ₽/м² (city.priceMult=1.3) × 7 подтипов; страницы /santehnicheskie-raboty/cena/v-sankt-peterburge/ ещё нет,h1-уникальный | intro-город-Санкт-Петербург | price-matrix(подтипы×city.priceMult) | table-смета-пример-по-площади | calc-cta-выше-сгиба | lead-form-sticky | faq-5-город | sroki-timeline | breadcrumbs | internal-links-6,https://www.kalkremont.ru/santehnicheskie-raboty/ ; https://www.kalkremont.ru/santehnicheskie-raboty/v-sankt-peterburge/ ; https://www.kalkremont.ru/santehnicheskie-raboty/cena/ ; https://www.kalkremont.ru/stoimost-remonta/ ; https://spb.kalkremont.ru/,https://www.kalkremont.ru/santehnicheskie-raboty/cena/v-sankt-peterburge/,https://www.kalkremont.ru/sitemap.xml,yes,low
https://www.kalkremont.ru/remont-kuhni/cena/v-ekaterinburge/,www.kalkremont.ru,Ремонт кухни,Екатеринбург,price,Ремонт кухни цена/стоимость в Екатеринбурге,24.63,Высокий коммерческий интент «цена/стоимость»; уникальная матрица цен 18 000–45 000 ₽/м² (city.priceMult=1) × 6 подтипов; страницы /remont-kuhni/cena/v-ekaterinburge/ ещё нет,h1-уникальный | intro-город-Екатеринбург | price-matrix(подтипы×city.priceMult) | table-смета-пример-по-площади | calc-cta-выше-сгиба | lead-form-sticky | faq-5-город | sroki-timeline | breadcrumbs | internal-links-6,https://www.kalkremont.ru/remont-kuhni/ ; https://www.kalkremont.ru/remont-kuhni/v-ekaterinburge/ ; https://www.kalkremont.ru/remont-kuhni/cena/ ; https://www.kalkremont.ru/stoimost-remonta/ ; https://ekb.kalkremont.ru/,https://www.kalkremont.ru/remont-kuhni/cena/v-ekaterinburge/,https://www.kalkremont.ru/sitemap.xml,yes,low
https://www.kalkremont.ru/zvukoizolyatsiya/cena/v-moskve/,www.kalkremont.ru,Звукоизоляция квартиры,Москва,price,Звукоизоляция цена/стоимость в Москве,24.22,Высокий коммерческий интент «цена/стоимость»; уникальная матрица цен 3 500–11 200 ₽/м² (city.priceMult=1.4) × 7 подтипов; страницы /zvukoizolyatsiya/cena/v-moskve/ ещё нет,h1-уникальный | intro-город-Москва | price-matrix(подтипы×city.priceMult) | table-смета-пример-по-площади | calc-cta-выше-сгиба | lead-form-sticky | faq-5-город | sroki-timeline | breadcrumbs | internal-links-6,https://www.kalkremont.ru/zvukoizolyatsiya/ ; https://www.kalkremont.ru/zvukoizolyatsiya/v-moskve/ ; https://www.kalkremont.ru/zvukoizolyatsiya/cena/ ; https://www.kalkremont.ru/stoimost-remonta/ ; https://moskva.kalkremont.ru/,https://www.kalkremont.ru/zvukoizolyatsiya/cena/v-moskve/,https://www.kalkremont.ru/sitemap.xml,yes,low
https://www.kalkremont.ru/uteplenie-balkona/cena/v-moskve/,www.kalkremont.ru,Утепление балкона,Москва,price,Утепление балкона цена/стоимость в Москве,24.22,Высокий коммерческий интент «цена/стоимость»; уникальная матрица цен 7 000–21 000 ₽/м² (city.priceMult=1.4) × 6 подтипов; страницы /uteplenie-balkona/cena/v-moskve/ ещё нет,h1-уникальный | intro-город-Москва | price-matrix(подтипы×city.priceMult) | table-смета-пример-по-площади | calc-cta-выше-сгиба | lead-form-sticky | faq-5-город | sroki-timeline | breadcrumbs | internal-links-6,https://www.kalkremont.ru/uteplenie-balkona/ ; https://www.kalkremont.ru/uteplenie-balkona/v-moskve/ ; https://www.kalkremont.ru/uteplenie-balkona/cena/ ; https://www.kalkremont.ru/stoimost-remonta/ ; https://moskva.kalkremont.ru/,https://www.kalkremont.ru/uteplenie-balkona/cena/v-moskve/,https://www.kalkremont.ru/sitemap.xml,yes,low
https://www.kalkremont.ru/remont-vannoy/pod-klyuch/v-ekaterinburge/,www.kalkremont.ru,Ремонт ванной комнаты,Екатеринбург,turnkey,Ремонт ванной под ключ в Екатеринбурге,24.19,Интент «под ключ» + город; полный цикл 25 000–60 000 ₽/м² (priceMult=1); страницы /remont-vannoy/pod-klyuch/v-ekaterinburge/ ещё нет (подтип pod-klyuch есть только без города),h1-уникальный | intro-под-ключ-Екатеринбург | price-блок-под-ключ | scope-что-входит-под-ключ | calc-cta-выше-сгиба | lead-form-sticky | faq-5-город | sroki-timeline | breadcrumbs | internal-links-6,https://www.kalkremont.ru/remont-vannoy/ ; https://www.kalkremont.ru/remont-vannoy/pod-klyuch/ ; https://www.kalkremont.ru/remont-vannoy/v-ekaterinburge/ ; https://www.kalkremont.ru/remont-vannoy/cena/v-ekaterinburge/ ; https://ekb.kalkremont.ru/,https://www.kalkremont.ru/remont-vannoy/pod-klyuch/v-ekaterinburge/,https://www.kalkremont.ru/sitemap.xml,yes,low
https://www.kalkremont.ru/remont-vannoy/cena/v-kazani/,www.kalkremont.ru,Ремонт ванной комнаты,Казань,price,Ремонт ванной цена/стоимость в Казани,23.89,Высокий коммерческий интент «цена/стоимость»; уникальная матрица цен 25 000–60 000 ₽/м² (city.priceMult=1) × 6 подтипов; страницы /remont-vannoy/cena/v-kazani/ ещё нет,h1-уникальный | intro-город-Казань | price-matrix(подтипы×city.priceMult) | table-смета-пример-по-площади | calc-cta-выше-сгиба | lead-form-sticky | faq-5-город | sroki-timeline | breadcrumbs | internal-links-6,https://www.kalkremont.ru/remont-vannoy/ ; https://www.kalkremont.ru/remont-vannoy/v-kazani/ ; https://www.kalkremont.ru/remont-vannoy/cena/ ; https://www.kalkremont.ru/stoimost-remonta/ ; https://kzn.kalkremont.ru/,https://www.kalkremont.ru/remont-vannoy/cena/v-kazani/,https://www.kalkremont.ru/sitemap.xml,yes,low
https://www.kalkremont.ru/balkony-i-lodzhii/cena/v-sankt-peterburge/,www.kalkremont.ru,Ремонт балконов и лоджий,Санкт-Петербург,price,Балконы цена/стоимость в Санкт-Петербурге,23.89,Высокий коммерческий интент «цена/стоимость»; уникальная матрица цен 15 600–45 500 ₽/м² (city.priceMult=1.3) × 7 подтипов; страницы /balkony-i-lodzhii/cena/v-sankt-peterburge/ ещё нет,h1-уникальный | intro-город-Санкт-Петербург | price-matrix(подтипы×city.priceMult) | table-смета-пример-по-площади | calc-cta-выше-сгиба | lead-form-sticky | faq-5-город | sroki-timeline | breadcrumbs | internal-links-6,https://www.kalkremont.ru/balkony-i-lodzhii/ ; https://www.kalkremont.ru/balkony-i-lodzhii/v-sankt-peterburge/ ; https://www.kalkremont.ru/balkony-i-lodzhii/cena/ ; https://www.kalkremont.ru/stoimost-remonta/ ; https://spb.kalkremont.ru/,https://www.kalkremont.ru/balkony-i-lodzhii/cena/v-sankt-peterburge/,https://www.kalkremont.ru/sitemap.xml,yes,low
https://www.kalkremont.ru/remont-kuhni/cena/v-novosibirske/,www.kalkremont.ru,Ремонт кухни,Новосибирск,price,Ремонт кухни цена/стоимость в Новосибирске,23.84,Высокий коммерческий интент «цена/стоимость»; уникальная матрица цен 17 100–42 800 ₽/м² (city.priceMult=0.95) × 6 подтипов; страницы /remont-kuhni/cena/v-novosibirske/ ещё нет,h1-уникальный | intro-город-Новосибирск | price-matrix(подтипы×city.priceMult) | table-смета-пример-по-площади | calc-cta-выше-сгиба | lead-form-sticky | faq-5-город | sroki-timeline | breadcrumbs | internal-links-6,https://www.kalkremont.ru/remont-kuhni/ ; https://www.kalkremont.ru/remont-kuhni/v-novosibirske/ ; https://www.kalkremont.ru/remont-kuhni/cena/ ; https://www.kalkremont.ru/stoimost-remonta/ ; https://nsk.kalkremont.ru/,https://www.kalkremont.ru/remont-kuhni/cena/v-novosibirske/,https://www.kalkremont.ru/sitemap.xml,yes,low
https://www.kalkremont.ru/remont-vannoy/cena/v-krasnodare/,www.kalkremont.ru,Ремонт ванной комнаты,Краснодар,price,Ремонт ванной цена/стоимость в Краснодаре,23.47,Высокий коммерческий интент «цена/стоимость»; уникальная матрица цен 26 300–63 000 ₽/м² (city.priceMult=1.05) × 6 подтипов; страницы /remont-vannoy/cena/v-krasnodare/ ещё нет,h1-уникальный | intro-город-Краснодар | price-matrix(подтипы×city.priceMult) | table-смета-пример-по-площади | calc-cta-выше-сгиба | lead-form-sticky | faq-5-город | sroki-timeline | breadcrumbs | internal-links-6,https://www.kalkremont.ru/remont-vannoy/ ; https://www.kalkremont.ru/remont-vannoy/v-krasnodare/ ; https://www.kalkremont.ru/remont-vannoy/cena/ ; https://www.kalkremont.ru/stoimost-remonta/ ; https://krd.kalkremont.ru/,https://www.kalkremont.ru/remont-vannoy/cena/v-krasnodare/,https://www.kalkremont.ru/sitemap.xml,yes,low
https://www.kalkremont.ru/remont-vannoy/pod-klyuch/v-novosibirske/,www.kalkremont.ru,Ремонт ванной комнаты,Новосибирск,turnkey,Ремонт ванной под ключ в Новосибирске,23.41,Интент «под ключ» + город; полный цикл 23 800–57 000 ₽/м² (priceMult=1); страницы /remont-vannoy/pod-klyuch/v-novosibirske/ ещё нет (подтип pod-klyuch есть только без города),h1-уникальный | intro-под-ключ-Новосибирск | price-блок-под-ключ | scope-что-входит-под-ключ | calc-cta-выше-сгиба | lead-form-sticky | faq-5-город | sroki-timeline | breadcrumbs | internal-links-6,https://www.kalkremont.ru/remont-vannoy/ ; https://www.kalkremont.ru/remont-vannoy/pod-klyuch/ ; https://www.kalkremont.ru/remont-vannoy/v-novosibirske/ ; https://www.kalkremont.ru/remont-vannoy/cena/v-novosibirske/ ; https://nsk.kalkremont.ru/,https://www.kalkremont.ru/remont-vannoy/pod-klyuch/v-novosibirske/,https://www.kalkremont.ru/sitemap.xml,yes,low
https://www.kalkremont.ru/elektromontazh/pod-klyuch/v-sankt-peterburge/,www.kalkremont.ru,Электромонтажные работы,Санкт-Петербург,turnkey,Электромонтаж под ключ в Санкт-Петербурге,23.41,Интент «под ключ» + город; полный цикл 2 000–7 800 ₽/м² (priceMult=1); страницы /elektromontazh/pod-klyuch/v-sankt-peterburge/ ещё нет (подтип pod-klyuch есть только без города),h1-уникальный | intro-под-ключ-Санкт-Петербург | price-блок-под-ключ | scope-что-входит-под-ключ | calc-cta-выше-сгиба | lead-form-sticky | faq-5-город | sroki-timeline | breadcrumbs | internal-links-6,https://www.kalkremont.ru/elektromontazh/ ; https://www.kalkremont.ru/elektromontazh/pod-klyuch/ ; https://www.kalkremont.ru/elektromontazh/v-sankt-peterburge/ ; https://www.kalkremont.ru/elektromontazh/cena/v-sankt-peterburge/ ; https://spb.kalkremont.ru/,https://www.kalkremont.ru/elektromontazh/pod-klyuch/v-sankt-peterburge/,https://www.kalkremont.ru/sitemap.xml,yes,low
https://www.kalkremont.ru/santehnicheskie-raboty/pod-klyuch/v-sankt-peterburge/,www.kalkremont.ru,Сантехнические работы,Санкт-Петербург,turnkey,Сантехника под ключ в Санкт-Петербурге,23.41,Интент «под ключ» + город; полный цикл 10 400–32 500 ₽/м² (priceMult=1); страницы /santehnicheskie-raboty/pod-klyuch/v-sankt-peterburge/ ещё нет (подтип pod-klyuch есть только без города),h1-уникальный | intro-под-ключ-Санкт-Петербург | price-блок-под-ключ | scope-что-входит-под-ключ | calc-cta-выше-сгиба | lead-form-sticky | faq-5-город | sroki-timeline | breadcrumbs | internal-links-6,https://www.kalkremont.ru/santehnicheskie-raboty/ ; https://www.kalkremont.ru/santehnicheskie-raboty/pod-klyuch/ ; https://www.kalkremont.ru/santehnicheskie-raboty/v-sankt-peterburge/ ; https://www.kalkremont.ru/santehnicheskie-raboty/cena/v-sankt-peterburge/ ; https://spb.kalkremont.ru/,https://www.kalkremont.ru/santehnicheskie-raboty/pod-klyuch/v-sankt-peterburge/,https://www.kalkremont.ru/sitemap.xml,yes,low
https://www.kalkremont.ru/remont-kuhni/pod-klyuch/v-ekaterinburge/,www.kalkremont.ru,Ремонт кухни,Екатеринбург,turnkey,Ремонт кухни под ключ в Екатеринбурге,23.34,Интент «под ключ» + город; полный цикл 18 000–45 000 ₽/м² (priceMult=1); страницы /remont-kuhni/pod-klyuch/v-ekaterinburge/ ещё нет (подтип pod-klyuch есть только без города),h1-уникальный | intro-под-ключ-Екатеринбург | price-блок-под-ключ | scope-что-входит-под-ключ | calc-cta-выше-сгиба | lead-form-sticky | faq-5-город | sroki-timeline | breadcrumbs | internal-links-6,https://www.kalkremont.ru/remont-kuhni/ ; https://www.kalkremont.ru/remont-kuhni/pod-klyuch/ ; https://www.kalkremont.ru/remont-kuhni/v-ekaterinburge/ ; https://www.kalkremont.ru/remont-kuhni/cena/v-ekaterinburge/ ; https://ekb.kalkremont.ru/,https://www.kalkremont.ru/remont-kuhni/pod-klyuch/v-ekaterinburge/,https://www.kalkremont.ru/sitemap.xml,yes,low
https://www.kalkremont.ru/remont-kuhni/cena/v-kazani/,www.kalkremont.ru,Ремонт кухни,Казань,price,Ремонт кухни цена/стоимость в Казани,23.04,Высокий коммерческий интент «цена/стоимость»; уникальная матрица цен 18 000–45 000 ₽/м² (city.priceMult=1) × 6 подтипов; страницы /remont-kuhni/cena/v-kazani/ ещё нет,h1-уникальный | intro-город-Казань | price-matrix(подтипы×city.priceMult) | table-смета-пример-по-площади | calc-cta-выше-сгиба | lead-form-sticky | faq-5-город | sroki-timeline | breadcrumbs | internal-links-6,https://www.kalkremont.ru/remont-kuhni/ ; https://www.kalkremont.ru/remont-kuhni/v-kazani/ ; https://www.kalkremont.ru/remont-kuhni/cena/ ; https://www.kalkremont.ru/stoimost-remonta/ ; https://kzn.kalkremont.ru/,https://www.kalkremont.ru/remont-kuhni/cena/v-kazani/,https://www.kalkremont.ru/sitemap.xml,yes,low
https://www.kalkremont.ru/zvukoizolyatsiya/pod-klyuch/v-moskve/,www.kalkremont.ru,Звукоизоляция квартиры,Москва,turnkey,Звукоизоляция под ключ в Москве,22.95,Интент «под ключ» + город; полный цикл 3 500–11 200 ₽/м² (priceMult=1); страницы /zvukoizolyatsiya/pod-klyuch/v-moskve/ ещё нет (подтип pod-klyuch есть только без города),h1-уникальный | intro-под-ключ-Москва | price-блок-под-ключ | scope-что-входит-под-ключ | calc-cta-выше-сгиба | lead-form-sticky | faq-5-город | sroki-timeline | breadcrumbs | internal-links-6,https://www.kalkremont.ru/zvukoizolyatsiya/ ; https://www.kalkremont.ru/zvukoizolyatsiya/pod-klyuch/ ; https://www.kalkremont.ru/zvukoizolyatsiya/v-moskve/ ; https://www.kalkremont.ru/zvukoizolyatsiya/cena/v-moskve/ ; https://moskva.kalkremont.ru/,https://www.kalkremont.ru/zvukoizolyatsiya/pod-klyuch/v-moskve/,https://www.kalkremont.ru/sitemap.xml,yes,low
https://www.kalkremont.ru/uteplenie-balkona/pod-klyuch/v-moskve/,www.kalkremont.ru,Утепление балкона,Москва,turnkey,Утепление балкона под ключ в Москве,22.95,Интент «под ключ» + город; полный цикл 7 000–21 000 ₽/м² (priceMult=1); страницы /uteplenie-balkona/pod-klyuch/v-moskve/ ещё нет (подтип pod-klyuch есть только без города),h1-уникальный | intro-под-ключ-Москва | price-блок-под-ключ | scope-что-входит-под-ключ | calc-cta-выше-сгиба | lead-form-sticky | faq-5-город | sroki-timeline | breadcrumbs | internal-links-6,https://www.kalkremont.ru/uteplenie-balkona/ ; https://www.kalkremont.ru/uteplenie-balkona/pod-klyuch/ ; https://www.kalkremont.ru/uteplenie-balkona/v-moskve/ ; https://www.kalkremont.ru/uteplenie-balkona/cena/v-moskve/ ; https://moskva.kalkremont.ru/,https://www.kalkremont.ru/uteplenie-balkona/pod-klyuch/v-moskve/,https://www.kalkremont.ru/sitemap.xml,yes,low
https://www.kalkremont.ru/remont-kuhni/cena/v-krasnodare/,www.kalkremont.ru,Ремонт кухни,Краснодар,price,Ремонт кухни цена/стоимость в Краснодаре,22.65,Высокий коммерческий интент «цена/стоимость»; уникальная матрица цен 18 900–47 300 ₽/м² (city.priceMult=1.05) × 6 подтипов; страницы /remont-kuhni/cena/v-krasnodare/ ещё нет,h1-уникальный | intro-город-Краснодар | price-matrix(подтипы×city.priceMult) | table-смета-пример-по-площади | calc-cta-выше-сгиба | lead-form-sticky | faq-5-город | sroki-timeline | breadcrumbs | internal-links-6,https://www.kalkremont.ru/remont-kuhni/ ; https://www.kalkremont.ru/remont-kuhni/v-krasnodare/ ; https://www.kalkremont.ru/remont-kuhni/cena/ ; https://www.kalkremont.ru/stoimost-remonta/ ; https://krd.kalkremont.ru/,https://www.kalkremont.ru/remont-kuhni/cena/v-krasnodare/,https://www.kalkremont.ru/sitemap.xml,yes,low
https://www.kalkremont.ru/styazhka-pola/cena/v-sankt-peterburge/,www.kalkremont.ru,Стяжка пола,Санкт-Петербург,price,Стяжка цена/стоимость в Санкт-Петербурге,22.65,Высокий коммерческий интент «цена/стоимость»; уникальная матрица цен 1 000–4 600 ₽/м² (city.priceMult=1.3) × 6 подтипов; страницы /styazhka-pola/cena/v-sankt-peterburge/ ещё нет,h1-уникальный | intro-город-Санкт-Петербург | price-matrix(подтипы×city.priceMult) | table-смета-пример-по-площади | calc-cta-выше-сгиба | lead-form-sticky | faq-5-город | sroki-timeline | breadcrumbs | internal-links-6,https://www.kalkremont.ru/styazhka-pola/ ; https://www.kalkremont.ru/styazhka-pola/v-sankt-peterburge/ ; https://www.kalkremont.ru/styazhka-pola/cena/ ; https://www.kalkremont.ru/stoimost-remonta/ ; https://spb.kalkremont.ru/,https://www.kalkremont.ru/styazhka-pola/cena/v-sankt-peterburge/,https://www.kalkremont.ru/sitemap.xml,yes,low
https://www.kalkremont.ru/montazh-konditsionerov/cena/v-sankt-peterburge/,www.kalkremont.ru,Монтаж кондиционеров,Санкт-Петербург,price,Кондиционеры цена/стоимость в Санкт-Петербурге,22.65,Высокий коммерческий интент «цена/стоимость»; уникальная матрица цен 7 200–23 400 ₽/м² (city.priceMult=1.3) × 7 подтипов; страницы /montazh-konditsionerov/cena/v-sankt-peterburge/ ещё нет,h1-уникальный | intro-город-Санкт-Петербург | price-matrix(подтипы×city.priceMult) | table-смета-пример-по-площади | calc-cta-выше-сгиба | lead-form-sticky | faq-5-город | sroki-timeline | breadcrumbs | internal-links-6,https://www.kalkremont.ru/montazh-konditsionerov/ ; https://www.kalkremont.ru/montazh-konditsionerov/v-sankt-peterburge/ ; https://www.kalkremont.ru/montazh-konditsionerov/cena/ ; https://www.kalkremont.ru/stoimost-remonta/ ; https://spb.kalkremont.ru/,https://www.kalkremont.ru/montazh-konditsionerov/cena/v-sankt-peterburge/,https://www.kalkremont.ru/sitemap.xml,yes,low
https://www.kalkremont.ru/uteplenie-fasada/cena/v-sankt-peterburge/,www.kalkremont.ru,Утепление фасада,Санкт-Петербург,price,Утепление фасада цена/стоимость в Санкт-Петербурге,22.65,Высокий коммерческий интент «цена/стоимость»; уникальная матрица цен 2 000–5 900 ₽/м² (city.priceMult=1.3) × 7 подтипов; страницы /uteplenie-fasada/cena/v-sankt-peterburge/ ещё нет,h1-уникальный | intro-город-Санкт-Петербург | price-matrix(подтипы×city.priceMult) | table-смета-пример-по-площади | calc-cta-выше-сгиба | lead-form-sticky | faq-5-город | sroki-timeline | breadcrumbs | internal-links-6,https://www.kalkremont.ru/uteplenie-fasada/ ; https://www.kalkremont.ru/uteplenie-fasada/v-sankt-peterburge/ ; https://www.kalkremont.ru/uteplenie-fasada/cena/ ; https://www.kalkremont.ru/stoimost-remonta/ ; https://spb.kalkremont.ru/,https://www.kalkremont.ru/uteplenie-fasada/cena/v-sankt-peterburge/,https://www.kalkremont.ru/sitemap.xml,yes,low
https://www.kalkremont.ru/remont-vannoy/pod-klyuch/v-kazani/,www.kalkremont.ru,Ремонт ванной комнаты,Казань,turnkey,Ремонт ванной под ключ в Казани,22.63,Интент «под ключ» + город; полный цикл 25 000–60 000 ₽/м² (priceMult=1); страницы /remont-vannoy/pod-klyuch/v-kazani/ ещё нет (подтип pod-klyuch есть только без города),h1-уникальный | intro-под-ключ-Казань | price-блок-под-ключ | scope-что-входит-под-ключ | calc-cta-выше-сгиба | lead-form-sticky | faq-5-город | sroki-timeline | breadcrumbs | internal-links-6,https://www.kalkremont.ru/remont-vannoy/ ; https://www.kalkremont.ru/remont-vannoy/pod-klyuch/ ; https://www.kalkremont.ru/remont-vannoy/v-kazani/ ; https://www.kalkremont.ru/remont-vannoy/cena/v-kazani/ ; https://kzn.kalkremont.ru/,https://www.kalkremont.ru/remont-vannoy/pod-klyuch/v-kazani/,https://www.kalkremont.ru/sitemap.xml,yes,low
https://www.kalkremont.ru/balkony-i-lodzhii/pod-klyuch/v-sankt-peterburge/,www.kalkremont.ru,Ремонт балконов и лоджий,Санкт-Петербург,turnkey,Балконы под ключ в Санкт-Петербурге,22.63,Интент «под ключ» + город; полный цикл 15 600–45 500 ₽/м² (priceMult=1); страницы /balkony-i-lodzhii/pod-klyuch/v-sankt-peterburge/ ещё нет (подтип pod-klyuch есть только без города),h1-уникальный | intro-под-ключ-Санкт-Петербург | price-блок-под-ключ | scope-что-входит-под-ключ | calc-cta-выше-сгиба | lead-form-sticky | faq-5-город | sroki-timeline | breadcrumbs | internal-links-6,https://www.kalkremont.ru/balkony-i-lodzhii/ ; https://www.kalkremont.ru/balkony-i-lodzhii/pod-klyuch/ ; https://www.kalkremont.ru/balkony-i-lodzhii/v-sankt-peterburge/ ; https://www.kalkremont.ru/balkony-i-lodzhii/cena/v-sankt-peterburge/ ; https://spb.kalkremont.ru/,https://www.kalkremont.ru/balkony-i-lodzhii/pod-klyuch/v-sankt-peterburge/,https://www.kalkremont.ru/sitemap.xml,yes,low
https://www.kalkremont.ru/remont-kuhni/pod-klyuch/v-novosibirske/,www.kalkremont.ru,Ремонт кухни,Новосибирск,turnkey,Ремонт кухни под ключ в Новосибирске,22.58,Интент «под ключ» + город; полный цикл 17 100–42 800 ₽/м² (priceMult=1); страницы /remont-kuhni/pod-klyuch/v-novosibirske/ ещё нет (подтип pod-klyuch есть только без города),h1-уникальный | intro-под-ключ-Новосибирск | price-блок-под-ключ | scope-что-входит-под-ключ | calc-cta-выше-сгиба | lead-form-sticky | faq-5-город | sroki-timeline | breadcrumbs | internal-links-6,https://www.kalkremont.ru/remont-kuhni/ ; https://www.kalkremont.ru/remont-kuhni/pod-klyuch/ ; https://www.kalkremont.ru/remont-kuhni/v-novosibirske/ ; https://www.kalkremont.ru/remont-kuhni/cena/v-novosibirske/ ; https://nsk.kalkremont.ru/,https://www.kalkremont.ru/remont-kuhni/pod-klyuch/v-novosibirske/,https://www.kalkremont.ru/sitemap.xml,yes,low
https://www.kalkremont.ru/remont-vannoy/pod-klyuch/v-krasnodare/,www.kalkremont.ru,Ремонт ванной комнаты,Краснодар,turnkey,Ремонт ванной под ключ в Краснодаре,22.24,Интент «под ключ» + город; полный цикл 26 300–63 000 ₽/м² (priceMult=1); страницы /remont-vannoy/pod-klyuch/v-krasnodare/ ещё нет (подтип pod-klyuch есть только без города),h1-уникальный | intro-под-ключ-Краснодар | price-блок-под-ключ | scope-что-входит-под-ключ | calc-cta-выше-сгиба | lead-form-sticky | faq-5-город | sroki-timeline | breadcrumbs | internal-links-6,https://www.kalkremont.ru/remont-vannoy/ ; https://www.kalkremont.ru/remont-vannoy/pod-klyuch/ ; https://www.kalkremont.ru/remont-vannoy/v-krasnodare/ ; https://www.kalkremont.ru/remont-vannoy/cena/v-krasnodare/ ; https://krd.kalkremont.ru/,https://www.kalkremont.ru/remont-vannoy/pod-klyuch/v-krasnodare/,https://www.kalkremont.ru/sitemap.xml,yes,low
https://www.kalkremont.ru/remont-kuhni/pod-klyuch/v-kazani/,www.kalkremont.ru,Ремонт кухни,Казань,turnkey,Ремонт кухни под ключ в Казани,21.83,Интент «под ключ» + город; полный цикл 18 000–45 000 ₽/м² (priceMult=1); страницы /remont-kuhni/pod-klyuch/v-kazani/ ещё нет (подтип pod-klyuch есть только без города),h1-уникальный | intro-под-ключ-Казань | price-блок-под-ключ | scope-что-входит-под-ключ | calc-cta-выше-сгиба | lead-form-sticky | faq-5-город | sroki-timeline | breadcrumbs | internal-links-6,https://www.kalkremont.ru/remont-kuhni/ ; https://www.kalkremont.ru/remont-kuhni/pod-klyuch/ ; https://www.kalkremont.ru/remont-kuhni/v-kazani/ ; https://www.kalkremont.ru/remont-kuhni/cena/v-kazani/ ; https://kzn.kalkremont.ru/,https://www.kalkremont.ru/remont-kuhni/pod-klyuch/v-kazani/,https://www.kalkremont.ru/sitemap.xml,yes,low
https://www.kalkremont.ru/dizayn-interyera/cena/v-nizhnem-novgorode/,www.kalkremont.ru,Дизайн интерьера,Нижний Новгород,price,Дизайн цена/стоимость в Нижнем Новгороде,21.8,Высокий коммерческий интент «цена/стоимость»; уникальная матрица цен 1 400–5 700 ₽/м² (city.priceMult=0.95) × 10 подтипов; страницы /dizayn-interyera/cena/v-nizhnem-novgorode/ ещё нет,h1-уникальный | intro-город-Нижний Новгород | price-matrix(подтипы×city.priceMult) | table-смета-пример-по-площади | calc-cta-выше-сгиба | lead-form-sticky | faq-5-город | sroki-timeline | breadcrumbs | internal-links-6,https://www.kalkremont.ru/dizayn-interyera/ ; https://www.kalkremont.ru/dizayn-interyera/v-nizhnem-novgorode/ ; https://www.kalkremont.ru/dizayn-interyera/cena/ ; https://www.kalkremont.ru/stoimost-remonta/ ; https://nn.kalkremont.ru/,https://www.kalkremont.ru/dizayn-interyera/cena/v-nizhnem-novgorode/,https://www.kalkremont.ru/sitemap.xml,yes,low
https://www.kalkremont.ru/dizayn-interyera/cena/v-rostove-na-donu/,www.kalkremont.ru,Дизайн интерьера,Ростов-на-Дону,price,Дизайн цена/стоимость в Ростове-на-Дону,21.8,Высокий коммерческий интент «цена/стоимость»; уникальная матрица цен 1 500–6 000 ₽/м² (city.priceMult=1) × 10 подтипов; страницы /dizayn-interyera/cena/v-rostove-na-donu/ ещё нет,h1-уникальный | intro-город-Ростов-на-Дону | price-matrix(подтипы×city.priceMult) | table-смета-пример-по-площади | calc-cta-выше-сгиба | lead-form-sticky | faq-5-город | sroki-timeline | breadcrumbs | internal-links-6,https://www.kalkremont.ru/dizayn-interyera/ ; https://www.kalkremont.ru/dizayn-interyera/v-rostove-na-donu/ ; https://www.kalkremont.ru/dizayn-interyera/cena/ ; https://www.kalkremont.ru/stoimost-remonta/ ; https://rnd.kalkremont.ru/,https://www.kalkremont.ru/dizayn-interyera/cena/v-rostove-na-donu/,https://www.kalkremont.ru/sitemap.xml,yes,low
https://www.kalkremont.ru/montazh-konditsionerov/pod-klyuch/v-sankt-peterburge/,www.kalkremont.ru,Монтаж кондиционеров,Санкт-Петербург,turnkey,Кондиционеры под ключ в Санкт-Петербурге,21.46,Интент «под ключ» + город; полный цикл 7 200–23 400 ₽/м² (priceMult=1); страницы /montazh-konditsionerov/pod-klyuch/v-sankt-peterburge/ ещё нет (подтип pod-klyuch есть только без города),h1-уникальный | intro-под-ключ-Санкт-Петербург | price-блок-под-ключ | scope-что-входит-под-ключ | calc-cta-выше-сгиба | lead-form-sticky | faq-5-город | sroki-timeline | breadcrumbs | internal-links-6,https://www.kalkremont.ru/montazh-konditsionerov/ ; https://www.kalkremont.ru/montazh-konditsionerov/pod-klyuch/ ; https://www.kalkremont.ru/montazh-konditsionerov/v-sankt-peterburge/ ; https://www.kalkremont.ru/montazh-konditsionerov/cena/v-sankt-peterburge/ ; https://spb.kalkremont.ru/,https://www.kalkremont.ru/montazh-konditsionerov/pod-klyuch/v-sankt-peterburge/,https://www.kalkremont.ru/sitemap.xml,yes,low
https://www.kalkremont.ru/uteplenie-fasada/pod-klyuch/v-sankt-peterburge/,www.kalkremont.ru,Утепление фасада,Санкт-Петербург,turnkey,Утепление фасада под ключ в Санкт-Петербурге,21.46,Интент «под ключ» + город; полный цикл 2 000–5 900 ₽/м² (priceMult=1); страницы /uteplenie-fasada/pod-klyuch/v-sankt-peterburge/ ещё нет (подтип pod-klyuch есть только без города),h1-уникальный | intro-под-ключ-Санкт-Петербург | price-блок-под-ключ | scope-что-входит-под-ключ | calc-cta-выше-сгиба | lead-form-sticky | faq-5-город | sroki-timeline | breadcrumbs | internal-links-6,https://www.kalkremont.ru/uteplenie-fasada/ ; https://www.kalkremont.ru/uteplenie-fasada/pod-klyuch/ ; https://www.kalkremont.ru/uteplenie-fasada/v-sankt-peterburge/ ; https://www.kalkremont.ru/uteplenie-fasada/cena/v-sankt-peterburge/ ; https://spb.kalkremont.ru/,https://www.kalkremont.ru/uteplenie-fasada/pod-klyuch/v-sankt-peterburge/,https://www.kalkremont.ru/sitemap.xml,yes,low
https://www.kalkremont.ru/remont-kuhni/pod-klyuch/v-krasnodare/,www.kalkremont.ru,Ремонт кухни,Краснодар,turnkey,Ремонт кухни под ключ в Краснодаре,21.45,Интент «под ключ» + город; полный цикл 18 900–47 300 ₽/м² (priceMult=1); страницы /remont-kuhni/pod-klyuch/v-krasnodare/ ещё нет (подтип pod-klyuch есть только без города),h1-уникальный | intro-под-ключ-Краснодар | price-блок-под-ключ | scope-что-входит-под-ключ | calc-cta-выше-сгиба | lead-form-sticky | faq-5-город | sroki-timeline | breadcrumbs | internal-links-6,https://www.kalkremont.ru/remont-kuhni/ ; https://www.kalkremont.ru/remont-kuhni/pod-klyuch/ ; https://www.kalkremont.ru/remont-kuhni/v-krasnodare/ ; https://www.kalkremont.ru/remont-kuhni/cena/v-krasnodare/ ; https://krd.kalkremont.ru/,https://www.kalkremont.ru/remont-kuhni/pod-klyuch/v-krasnodare/,https://www.kalkremont.ru/sitemap.xml,yes,low
https://www.kalkremont.ru/natyazhnye-potolki/cena/v-ekaterinburge/,www.kalkremont.ru,Натяжные потолки,Екатеринбург,price,Натяжные потолки цена/стоимость в Екатеринбурге,21.03,Высокий коммерческий интент «цена/стоимость»; уникальная матрица цен 600–3 500 ₽/м² (city.priceMult=1) × 7 подтипов; страницы /natyazhnye-potolki/cena/v-ekaterinburge/ ещё нет,h1-уникальный | intro-город-Екатеринбург | price-matrix(подтипы×city.priceMult) | table-смета-пример-по-площади | calc-cta-выше-сгиба | lead-form-sticky | faq-5-город | sroki-timeline | breadcrumbs | internal-links-6,https://www.kalkremont.ru/natyazhnye-potolki/ ; https://www.kalkremont.ru/natyazhnye-potolki/v-ekaterinburge/ ; https://www.kalkremont.ru/natyazhnye-potolki/cena/ ; https://www.kalkremont.ru/stoimost-remonta/ ; https://ekb.kalkremont.ru/,https://www.kalkremont.ru/natyazhnye-potolki/cena/v-ekaterinburge/,https://www.kalkremont.ru/sitemap.xml,yes,low
https://www.kalkremont.ru/remont-vannoy/cena/v-nizhnem-novgorode/,www.kalkremont.ru,Ремонт ванной комнаты,Нижний Новгород,price,Ремонт ванной цена/стоимость в Нижнем Новгороде,20.59,Высокий коммерческий интент «цена/стоимость»; уникальная матрица цен 23 800–57 000 ₽/м² (city.priceMult=0.95) × 6 подтипов; страницы /remont-vannoy/cena/v-nizhnem-novgorode/ ещё нет,h1-уникальный | intro-город-Нижний Новгород | price-matrix(подтипы×city.priceMult) | table-смета-пример-по-площади | calc-cta-выше-сгиба | lead-form-sticky | faq-5-город | sroki-timeline | breadcrumbs | internal-links-6,https://www.kalkremont.ru/remont-vannoy/ ; https://www.kalkremont.ru/remont-vannoy/v-nizhnem-novgorode/ ; https://www.kalkremont.ru/remont-vannoy/cena/ ; https://www.kalkremont.ru/stoimost-remonta/ ; https://nn.kalkremont.ru/,https://www.kalkremont.ru/remont-vannoy/cena/v-nizhnem-novgorode/,https://www.kalkremont.ru/sitemap.xml,yes,low
https://www.kalkremont.ru/remont-vannoy/cena/v-rostove-na-donu/,www.kalkremont.ru,Ремонт ванной комнаты,Ростов-на-Дону,price,Ремонт ванной цена/стоимость в Ростове-на-Дону,20.59,Высокий коммерческий интент «цена/стоимость»; уникальная матрица цен 25 000–60 000 ₽/м² (city.priceMult=1) × 6 подтипов; страницы /remont-vannoy/cena/v-rostove-na-donu/ ещё нет,h1-уникальный | intro-город-Ростов-на-Дону | price-matrix(подтипы×city.priceMult) | table-смета-пример-по-площади | calc-cta-выше-сгиба | lead-form-sticky | faq-5-город | sroki-timeline | breadcrumbs | internal-links-6,https://www.kalkremont.ru/remont-vannoy/ ; https://www.kalkremont.ru/remont-vannoy/v-rostove-na-donu/ ; https://www.kalkremont.ru/remont-vannoy/cena/ ; https://www.kalkremont.ru/stoimost-remonta/ ; https://rnd.kalkremont.ru/,https://www.kalkremont.ru/remont-vannoy/cena/v-rostove-na-donu/,https://www.kalkremont.ru/sitemap.xml,yes,low
https://www.kalkremont.ru/zvukoizolyatsiya/cena/v-sankt-peterburge/,www.kalkremont.ru,Звукоизоляция квартиры,Санкт-Петербург,price,Звукоизоляция цена/стоимость в Санкт-Петербурге,20.59,Высокий коммерческий интент «цена/стоимость»; уникальная матрица цен 3 300–10 400 ₽/м² (city.priceMult=1.3) × 7 подтипов; страницы /zvukoizolyatsiya/cena/v-sankt-peterburge/ ещё нет,h1-уникальный | intro-город-Санкт-Петербург | price-matrix(подтипы×city.priceMult) | table-смета-пример-по-площади | calc-cta-выше-сгиба | lead-form-sticky | faq-5-город | sroki-timeline | breadcrumbs | internal-links-6,https://www.kalkremont.ru/zvukoizolyatsiya/ ; https://www.kalkremont.ru/zvukoizolyatsiya/v-sankt-peterburge/ ; https://www.kalkremont.ru/zvukoizolyatsiya/cena/ ; https://www.kalkremont.ru/stoimost-remonta/ ; https://spb.kalkremont.ru/,https://www.kalkremont.ru/zvukoizolyatsiya/cena/v-sankt-peterburge/,https://www.kalkremont.ru/sitemap.xml,yes,low
https://www.kalkremont.ru/uteplenie-balkona/cena/v-sankt-peterburge/,www.kalkremont.ru,Утепление балкона,Санкт-Петербург,price,Утепление балкона цена/стоимость в Санкт-Петербурге,20.59,Высокий коммерческий интент «цена/стоимость»; уникальная матрица цен 6 500–19 500 ₽/м² (city.priceMult=1.3) × 6 подтипов; страницы /uteplenie-balkona/cena/v-sankt-peterburge/ ещё нет,h1-уникальный | intro-город-Санкт-Петербург | price-matrix(подтипы×city.priceMult) | table-смета-пример-по-площади | calc-cta-выше-сгиба | lead-form-sticky | faq-5-город | sroki-timeline | breadcrumbs | internal-links-6,https://www.kalkremont.ru/uteplenie-balkona/ ; https://www.kalkremont.ru/uteplenie-balkona/v-sankt-peterburge/ ; https://www.kalkremont.ru/uteplenie-balkona/cena/ ; https://www.kalkremont.ru/stoimost-remonta/ ; https://spb.kalkremont.ru/,https://www.kalkremont.ru/uteplenie-balkona/cena/v-sankt-peterburge/,https://www.kalkremont.ru/sitemap.xml,yes,low
https://www.kalkremont.ru/dizayn-interyera/cena/v-chelyabinske/,www.kalkremont.ru,Дизайн интерьера,Челябинск,price,Дизайн цена/стоимость в Челябинске,20.49,Высокий коммерческий интент «цена/стоимость»; уникальная матрица цен 1 300–5 100 ₽/м² (city.priceMult=0.85) × 10 подтипов; страницы /dizayn-interyera/cena/v-chelyabinske/ ещё нет,h1-уникальный | intro-город-Челябинск | price-matrix(подтипы×city.priceMult) | table-смета-пример-по-площади | calc-cta-выше-сгиба | lead-form-sticky | faq-5-город | sroki-timeline | breadcrumbs | internal-links-6,https://www.kalkremont.ru/dizayn-interyera/ ; https://www.kalkremont.ru/dizayn-interyera/v-chelyabinske/ ; https://www.kalkremont.ru/dizayn-interyera/cena/ ; https://www.kalkremont.ru/stoimost-remonta/ ; https://chel.kalkremont.ru/,https://www.kalkremont.ru/dizayn-interyera/cena/v-chelyabinske/,https://www.kalkremont.ru/sitemap.xml,yes,low
https://www.kalkremont.ru/dizayn-interyera/cena/v-samare/,www.kalkremont.ru,Дизайн интерьера,Самара,price,Дизайн цена/стоимость в Самаре,20.49,Высокий коммерческий интент «цена/стоимость»; уникальная матрица цен 1 400–5 700 ₽/м² (city.priceMult=0.95) × 10 подтипов; страницы /dizayn-interyera/cena/v-samare/ ещё нет,h1-уникальный | intro-город-Самара | price-matrix(подтипы×city.priceMult) | table-смета-пример-по-площади | calc-cta-выше-сгиба | lead-form-sticky | faq-5-город | sroki-timeline | breadcrumbs | internal-links-6,https://www.kalkremont.ru/dizayn-interyera/ ; https://www.kalkremont.ru/dizayn-interyera/v-samare/ ; https://www.kalkremont.ru/dizayn-interyera/cena/ ; https://www.kalkremont.ru/stoimost-remonta/ ; https://sam.kalkremont.ru/,https://www.kalkremont.ru/dizayn-interyera/cena/v-samare/,https://www.kalkremont.ru/sitemap.xml,yes,low
https://www.kalkremont.ru/natyazhnye-potolki/cena/v-novosibirske/,www.kalkremont.ru,Натяжные потолки,Новосибирск,price,Натяжные потолки цена/стоимость в Новосибирске,20.35,Высокий коммерческий интент «цена/стоимость»; уникальная матрица цен 600–3 300 ₽/м² (city.priceMult=0.95) × 7 подтипов; страницы /natyazhnye-potolki/cena/v-novosibirske/ ещё нет,h1-уникальный | intro-город-Новосибирск | price-matrix(подтипы×city.priceMult) | table-смета-пример-по-площади | calc-cta-выше-сгиба | lead-form-sticky | faq-5-город | sroki-timeline | breadcrumbs | internal-links-6,https://www.kalkremont.ru/natyazhnye-potolki/ ; https://www.kalkremont.ru/natyazhnye-potolki/v-novosibirske/ ; https://www.kalkremont.ru/natyazhnye-potolki/cena/ ; https://www.kalkremont.ru/stoimost-remonta/ ; https://nsk.kalkremont.ru/,https://www.kalkremont.ru/natyazhnye-potolki/cena/v-novosibirske/,https://www.kalkremont.ru/sitemap.xml,yes,low
https://www.kalkremont.ru/poklejka-oboev/cena/v-moskve/,www.kalkremont.ru,Поклейка обоев,Москва,price,Обои цена/стоимость в Москве,20.35,Высокий коммерческий интент «цена/стоимость»; уникальная матрица цен 500–2 100 ₽/м² (city.priceMult=1.4) × 7 подтипов; страницы /poklejka-oboev/cena/v-moskve/ ещё нет,h1-уникальный | intro-город-Москва | price-matrix(подтипы×city.priceMult) | table-смета-пример-по-площади | calc-cta-выше-сгиба | lead-form-sticky | faq-5-город | sroki-timeline | breadcrumbs | internal-links-6,https://www.kalkremont.ru/poklejka-oboev/ ; https://www.kalkremont.ru/poklejka-oboev/v-moskve/ ; https://www.kalkremont.ru/poklejka-oboev/cena/ ; https://www.kalkremont.ru/stoimost-remonta/ ; https://moskva.kalkremont.ru/,https://www.kalkremont.ru/poklejka-oboev/cena/v-moskve/,https://www.kalkremont.ru/sitemap.xml,yes,low
https://www.kalkremont.ru/dizayn-interyera/cena/v-ufe/,www.kalkremont.ru,Дизайн интерьера,Уфа,price,Дизайн цена/стоимость в Уфе,20.06,Высокий коммерческий интент «цена/стоимость»; уникальная матрица цен 1 400–5 700 ₽/м² (city.priceMult=0.95) × 10 подтипов; страницы /dizayn-interyera/cena/v-ufe/ ещё нет,h1-уникальный | intro-город-Уфа | price-matrix(подтипы×city.priceMult) | table-смета-пример-по-площади | calc-cta-выше-сгиба | lead-form-sticky | faq-5-город | sroki-timeline | breadcrumbs | internal-links-6,https://www.kalkremont.ru/dizayn-interyera/ ; https://www.kalkremont.ru/dizayn-interyera/v-ufe/ ; https://www.kalkremont.ru/dizayn-interyera/cena/ ; https://www.kalkremont.ru/stoimost-remonta/ ; https://ufa.kalkremont.ru/,https://www.kalkremont.ru/dizayn-interyera/cena/v-ufe/,https://www.kalkremont.ru/sitemap.xml,yes,low
https://www.kalkremont.ru/remont-kuhni/cena/v-nizhnem-novgorode/,www.kalkremont.ru,Ремонт кухни,Нижний Новгород,price,Ремонт кухни цена/стоимость в Нижнем Новгороде,19.86,Высокий коммерческий интент «цена/стоимость»; уникальная матрица цен 17 100–42 800 ₽/м² (city.priceMult=0.95) × 6 подтипов; страницы /remont-kuhni/cena/v-nizhnem-novgorode/ ещё нет,h1-уникальный | intro-город-Нижний Новгород | price-matrix(подтипы×city.priceMult) | table-смета-пример-по-площади | calc-cta-выше-сгиба | lead-form-sticky | faq-5-город | sroki-timeline | breadcrumbs | internal-links-6,https://www.kalkremont.ru/remont-kuhni/ ; https://www.kalkremont.ru/remont-kuhni/v-nizhnem-novgorode/ ; https://www.kalkremont.ru/remont-kuhni/cena/ ; https://www.kalkremont.ru/stoimost-remonta/ ; https://nn.kalkremont.ru/,https://www.kalkremont.ru/remont-kuhni/cena/v-nizhnem-novgorode/,https://www.kalkremont.ru/sitemap.xml,yes,low
https://www.kalkremont.ru/remont-kuhni/cena/v-rostove-na-donu/,www.kalkremont.ru,Ремонт кухни,Ростов-на-Дону,price,Ремонт кухни цена/стоимость в Ростове-на-Дону,19.86,Высокий коммерческий интент «цена/стоимость»; уникальная матрица цен 18 000–45 000 ₽/м² (city.priceMult=1) × 6 подтипов; страницы /remont-kuhni/cena/v-rostove-na-donu/ ещё нет,h1-уникальный | intro-город-Ростов-на-Дону | price-matrix(подтипы×city.priceMult) | table-смета-пример-по-площади | calc-cta-выше-сгиба | lead-form-sticky | faq-5-город | sroki-timeline | breadcrumbs | internal-links-6,https://www.kalkremont.ru/remont-kuhni/ ; https://www.kalkremont.ru/remont-kuhni/v-rostove-na-donu/ ; https://www.kalkremont.ru/remont-kuhni/cena/ ; https://www.kalkremont.ru/stoimost-remonta/ ; https://rnd.kalkremont.ru/,https://www.kalkremont.ru/remont-kuhni/cena/v-rostove-na-donu/,https://www.kalkremont.ru/sitemap.xml,yes,low
https://www.kalkremont.ru/natyazhnye-potolki/cena/v-kazani/,www.kalkremont.ru,Натяжные потолки,Казань,price,Натяжные потолки цена/стоимость в Казани,19.67,Высокий коммерческий интент «цена/стоимость»; уникальная матрица цен 600–3 500 ₽/м² (city.priceMult=1) × 7 подтипов; страницы /natyazhnye-potolki/cena/v-kazani/ ещё нет,h1-уникальный | intro-город-Казань | price-matrix(подтипы×city.priceMult) | table-смета-пример-по-площади | calc-cta-выше-сгиба | lead-form-sticky | faq-5-город | sroki-timeline | breadcrumbs | internal-links-6,https://www.kalkremont.ru/natyazhnye-potolki/ ; https://www.kalkremont.ru/natyazhnye-potolki/v-kazani/ ; https://www.kalkremont.ru/natyazhnye-potolki/cena/ ; https://www.kalkremont.ru/stoimost-remonta/ ; https://kzn.kalkremont.ru/,https://www.kalkremont.ru/natyazhnye-potolki/cena/v-kazani/,https://www.kalkremont.ru/sitemap.xml,yes,low
https://www.kalkremont.ru/dizayn-interyera/cena/v-voronezhe/,www.kalkremont.ru,Дизайн интерьера,Воронеж,price,Дизайн цена/стоимость в Воронеже,19.62,Высокий коммерческий интент «цена/стоимость»; уникальная матрица цен 1 300–5 100 ₽/м² (city.priceMult=0.85) × 10 подтипов; страницы /dizayn-interyera/cena/v-voronezhe/ ещё нет,h1-уникальный | intro-город-Воронеж | price-matrix(подтипы×city.priceMult) | table-смета-пример-по-площади | calc-cta-выше-сгиба | lead-form-sticky | faq-5-город | sroki-timeline | breadcrumbs | internal-links-6,https://www.kalkremont.ru/dizayn-interyera/ ; https://www.kalkremont.ru/dizayn-interyera/v-voronezhe/ ; https://www.kalkremont.ru/dizayn-interyera/cena/ ; https://www.kalkremont.ru/stoimost-remonta/ ; https://vrn.kalkremont.ru/,https://www.kalkremont.ru/dizayn-interyera/cena/v-voronezhe/,https://www.kalkremont.ru/sitemap.xml,yes,low
https://www.kalkremont.ru/dizayn-interyera/cena/v-tyumeni/,www.kalkremont.ru,Дизайн интерьера,Тюмень,price,Дизайн цена/стоимость в Тюмени,19.62,Высокий коммерческий интент «цена/стоимость»; уникальная матрица цен 1 500–6 000 ₽/м² (city.priceMult=1) × 10 подтипов; страницы /dizayn-interyera/cena/v-tyumeni/ ещё нет,h1-уникальный | intro-город-Тюмень | price-matrix(подтипы×city.priceMult) | table-смета-пример-по-площади | calc-cta-выше-сгиба | lead-form-sticky | faq-5-город | sroki-timeline | breadcrumbs | internal-links-6,https://www.kalkremont.ru/dizayn-interyera/ ; https://www.kalkremont.ru/dizayn-interyera/v-tyumeni/ ; https://www.kalkremont.ru/dizayn-interyera/cena/ ; https://www.kalkremont.ru/stoimost-remonta/ ; https://tyumen.kalkremont.ru/,https://www.kalkremont.ru/dizayn-interyera/cena/v-tyumeni/,https://www.kalkremont.ru/sitemap.xml,yes,low
https://www.kalkremont.ru/zamena-okon/cena/v-ekaterinburge/,www.kalkremont.ru,Замена окон,Екатеринбург,price,Окна цена/стоимость в Екатеринбурге,19.53,Высокий коммерческий интент «цена/стоимость»; уникальная матрица цен 6 000–25 000 ₽/м² (city.priceMult=1) × 7 подтипов; страницы /zamena-okon/cena/v-ekaterinburge/ ещё нет,h1-уникальный | intro-город-Екатеринбург | price-matrix(подтипы×city.priceMult) | table-смета-пример-по-площади | calc-cta-выше-сгиба | lead-form-sticky | faq-5-город | sroki-timeline | breadcrumbs | internal-links-6,https://www.kalkremont.ru/zamena-okon/ ; https://www.kalkremont.ru/zamena-okon/v-ekaterinburge/ ; https://www.kalkremont.ru/zamena-okon/cena/ ; https://www.kalkremont.ru/stoimost-remonta/ ; https://ekb.kalkremont.ru/,https://www.kalkremont.ru/zamena-okon/cena/v-ekaterinburge/,https://www.kalkremont.ru/sitemap.xml,yes,low
https://www.kalkremont.ru/remont-vannoy/pod-klyuch/v-nizhnem-novgorode/,www.kalkremont.ru,Ремонт ванной комнаты,Нижний Новгород,turnkey,Ремонт ванной под ключ в Нижнем Новгороде,19.51,Интент «под ключ» + город; полный цикл 23 800–57 000 ₽/м² (priceMult=1); страницы /remont-vannoy/pod-klyuch/v-nizhnem-novgorode/ ещё нет (подтип pod-klyuch есть только без города),h1-уникальный | intro-под-ключ-Нижний Новгород | price-блок-под-ключ | scope-что-входит-под-ключ | calc-cta-выше-сгиба | lead-form-sticky | faq-5-город | sroki-timeline | breadcrumbs | internal-links-6,https://www.kalkremont.ru/remont-vannoy/ ; https://www.kalkremont.ru/remont-vannoy/pod-klyuch/ ; https://www.kalkremont.ru/remont-vannoy/v-nizhnem-novgorode/ ; https://www.kalkremont.ru/remont-vannoy/cena/v-nizhnem-novgorode/ ; https://nn.kalkremont.ru/,https://www.kalkremont.ru/remont-vannoy/pod-klyuch/v-nizhnem-novgorode/,https://www.kalkremont.ru/sitemap.xml,yes,low
https://www.kalkremont.ru/remont-vannoy/pod-klyuch/v-rostove-na-donu/,www.kalkremont.ru,Ремонт ванной комнаты,Ростов-на-Дону,turnkey,Ремонт ванной под ключ в Ростове-на-Дону,19.51,Интент «под ключ» + город; полный цикл 25 000–60 000 ₽/м² (priceMult=1); страницы /remont-vannoy/pod-klyuch/v-rostove-na-donu/ ещё нет (подтип pod-klyuch есть только без города),h1-уникальный | intro-под-ключ-Ростов-на-Дону | price-блок-под-ключ | scope-что-входит-под-ключ | calc-cta-выше-сгиба | lead-form-sticky | faq-5-город | sroki-timeline | breadcrumbs | internal-links-6,https://www.kalkremont.ru/remont-vannoy/ ; https://www.kalkremont.ru/remont-vannoy/pod-klyuch/ ; https://www.kalkremont.ru/remont-vannoy/v-rostove-na-donu/ ; https://www.kalkremont.ru/remont-vannoy/cena/v-rostove-na-donu/ ; https://rnd.kalkremont.ru/,https://www.kalkremont.ru/remont-vannoy/pod-klyuch/v-rostove-na-donu/,https://www.kalkremont.ru/sitemap.xml,yes,low
https://www.kalkremont.ru/zvukoizolyatsiya/pod-klyuch/v-sankt-peterburge/,www.kalkremont.ru,Звукоизоляция квартиры,Санкт-Петербург,turnkey,Звукоизоляция под ключ в Санкт-Петербурге,19.51,Интент «под ключ» + город; полный цикл 3 300–10 400 ₽/м² (priceMult=1); страницы /zvukoizolyatsiya/pod-klyuch/v-sankt-peterburge/ ещё нет (подтип pod-klyuch есть только без города),h1-уникальный | intro-под-ключ-Санкт-Петербург | price-блок-под-ключ | scope-что-входит-под-ключ | calc-cta-выше-сгиба | lead-form-sticky | faq-5-город | sroki-timeline | breadcrumbs | internal-links-6,https://www.kalkremont.ru/zvukoizolyatsiya/ ; https://www.kalkremont.ru/zvukoizolyatsiya/pod-klyuch/ ; https://www.kalkremont.ru/zvukoizolyatsiya/v-sankt-peterburge/ ; https://www.kalkremont.ru/zvukoizolyatsiya/cena/v-sankt-peterburge/ ; https://spb.kalkremont.ru/,https://www.kalkremont.ru/zvukoizolyatsiya/pod-klyuch/v-sankt-peterburge/,https://www.kalkremont.ru/sitemap.xml,yes,low
https://www.kalkremont.ru/uteplenie-balkona/pod-klyuch/v-sankt-peterburge/,www.kalkremont.ru,Утепление балкона,Санкт-Петербург,turnkey,Утепление балкона под ключ в Санкт-Петербурге,19.51,Интент «под ключ» + город; полный цикл 6 500–19 500 ₽/м² (priceMult=1); страницы /uteplenie-balkona/pod-klyuch/v-sankt-peterburge/ ещё нет (подтип pod-klyuch есть только без города),h1-уникальный | intro-под-ключ-Санкт-Петербург | price-блок-под-ключ | scope-что-входит-под-ключ | calc-cta-выше-сгиба | lead-form-sticky | faq-5-город | sroki-timeline | breadcrumbs | internal-links-6,https://www.kalkremont.ru/uteplenie-balkona/ ; https://www.kalkremont.ru/uteplenie-balkona/pod-klyuch/ ; https://www.kalkremont.ru/uteplenie-balkona/v-sankt-peterburge/ ; https://www.kalkremont.ru/uteplenie-balkona/cena/v-sankt-peterburge/ ; https://spb.kalkremont.ru/,https://www.kalkremont.ru/uteplenie-balkona/pod-klyuch/v-sankt-peterburge/,https://www.kalkremont.ru/sitemap.xml,yes,low
https://www.kalkremont.ru/remont-vannoy/cena/v-chelyabinske/,www.kalkremont.ru,Ремонт ванной комнаты,Челябинск,price,Ремонт ванной цена/стоимость в Челябинске,19.36,Высокий коммерческий интент «цена/стоимость»; уникальная матрица цен 21 300–51 000 ₽/м² (city.priceMult=0.85) × 6 подтипов; страницы /remont-vannoy/cena/v-chelyabinske/ ещё нет,h1-уникальный | intro-город-Челябинск | price-matrix(подтипы×city.priceMult) | table-смета-пример-по-площади | calc-cta-выше-сгиба | lead-form-sticky | faq-5-город | sroki-timeline | breadcrumbs | internal-links-6,https://www.kalkremont.ru/remont-vannoy/ ; https://www.kalkremont.ru/remont-vannoy/v-chelyabinske/ ; https://www.kalkremont.ru/remont-vannoy/cena/ ; https://www.kalkremont.ru/stoimost-remonta/ ; https://chel.kalkremont.ru/,https://www.kalkremont.ru/remont-vannoy/cena/v-chelyabinske/,https://www.kalkremont.ru/sitemap.xml,yes,low
https://www.kalkremont.ru/remont-vannoy/cena/v-samare/,www.kalkremont.ru,Ремонт ванной комнаты,Самара,price,Ремонт ванной цена/стоимость в Самаре,19.36,Высокий коммерческий интент «цена/стоимость»; уникальная матрица цен 23 800–57 000 ₽/м² (city.priceMult=0.95) × 6 подтипов; страницы /remont-vannoy/cena/v-samare/ ещё нет,h1-уникальный | intro-город-Самара | price-matrix(подтипы×city.priceMult) | table-смета-пример-по-площади | calc-cta-выше-сгиба | lead-form-sticky | faq-5-город | sroki-timeline | breadcrumbs | internal-links-6,https://www.kalkremont.ru/remont-vannoy/ ; https://www.kalkremont.ru/remont-vannoy/v-samare/ ; https://www.kalkremont.ru/remont-vannoy/cena/ ; https://www.kalkremont.ru/stoimost-remonta/ ; https://sam.kalkremont.ru/,https://www.kalkremont.ru/remont-vannoy/cena/v-samare/,https://www.kalkremont.ru/sitemap.xml,yes,low
https://www.kalkremont.ru/natyazhnye-potolki/cena/v-krasnodare/,www.kalkremont.ru,Натяжные потолки,Краснодар,price,Натяжные потолки цена/стоимость в Краснодаре,19.33,Высокий коммерческий интент «цена/стоимость»; уникальная матрица цен 600–3 700 ₽/м² (city.priceMult=1.05) × 7 подтипов; страницы /natyazhnye-potolki/cena/v-krasnodare/ ещё нет,h1-уникальный | intro-город-Краснодар | price-matrix(подтипы×city.priceMult) | table-смета-пример-по-площади | calc-cta-выше-сгиба | lead-form-sticky | faq-5-город | sroki-timeline | breadcrumbs | internal-links-6,https://www.kalkremont.ru/natyazhnye-potolki/ ; https://www.kalkremont.ru/natyazhnye-potolki/v-krasnodare/ ; https://www.kalkremont.ru/natyazhnye-potolki/cena/ ; https://www.kalkremont.ru/stoimost-remonta/ ; https://krd.kalkremont.ru/,https://www.kalkremont.ru/natyazhnye-potolki/cena/v-krasnodare/,https://www.kalkremont.ru/sitemap.xml,yes,low
https://www.kalkremont.ru/poklejka-oboev/pod-klyuch/v-moskve/,www.kalkremont.ru,Поклейка обоев,Москва,turnkey,Обои под ключ в Москве,19.28,Интент «под ключ» + город; полный цикл 500–2 100 ₽/м² (priceMult=1); страницы /poklejka-oboev/pod-klyuch/v-moskve/ ещё нет (подтип pod-klyuch есть только без города),h1-уникальный | intro-под-ключ-Москва | price-блок-под-ключ | scope-что-входит-под-ключ | calc-cta-выше-сгиба | lead-form-sticky | faq-5-город | sroki-timeline | breadcrumbs | internal-links-6,https://www.kalkremont.ru/poklejka-oboev/ ; https://www.kalkremont.ru/poklejka-oboev/pod-klyuch/ ; https://www.kalkremont.ru/poklejka-oboev/v-moskve/ ; https://www.kalkremont.ru/poklejka-oboev/cena/v-moskve/ ; https://moskva.kalkremont.ru/,https://www.kalkremont.ru/poklejka-oboev/pod-klyuch/v-moskve/,https://www.kalkremont.ru/sitemap.xml,yes,low
https://www.kalkremont.ru/dizayn-interyera/cena/v-permi/,www.kalkremont.ru,Дизайн интерьера,Пермь,price,Дизайн цена/стоимость в Перми,19.19,Высокий коммерческий интент «цена/стоимость»; уникальная матрица цен 1 300–5 100 ₽/м² (city.priceMult=0.85) × 10 подтипов; страницы /dizayn-interyera/cena/v-permi/ ещё нет,h1-уникальный | intro-город-Пермь | price-matrix(подтипы×city.priceMult) | table-смета-пример-по-площади | calc-cta-выше-сгиба | lead-form-sticky | faq-5-город | sroki-timeline | breadcrumbs | internal-links-6,https://www.kalkremont.ru/dizayn-interyera/ ; https://www.kalkremont.ru/dizayn-interyera/v-permi/ ; https://www.kalkremont.ru/dizayn-interyera/cena/ ; https://www.kalkremont.ru/stoimost-remonta/ ; https://perm.kalkremont.ru/,https://www.kalkremont.ru/dizayn-interyera/cena/v-permi/,https://www.kalkremont.ru/sitemap.xml,yes,low
https://www.kalkremont.ru/remont-vannoy/cena/v-ufe/,www.kalkremont.ru,Ремонт ванной комнаты,Уфа,price,Ремонт ванной цена/стоимость в Уфе,18.94,Высокий коммерческий интент «цена/стоимость»; уникальная матрица цен 23 800–57 000 ₽/м² (city.priceMult=0.95) × 6 подтипов; страницы /remont-vannoy/cena/v-ufe/ ещё нет,h1-уникальный | intro-город-Уфа | price-matrix(подтипы×city.priceMult) | table-смета-пример-по-площади | calc-cta-выше-сгиба | lead-form-sticky | faq-5-город | sroki-timeline | breadcrumbs | internal-links-6,https://www.kalkremont.ru/remont-vannoy/ ; https://www.kalkremont.ru/remont-vannoy/v-ufe/ ; https://www.kalkremont.ru/remont-vannoy/cena/ ; https://www.kalkremont.ru/stoimost-remonta/ ; https://ufa.kalkremont.ru/,https://www.kalkremont.ru/remont-vannoy/cena/v-ufe/,https://www.kalkremont.ru/sitemap.xml,yes,low
https://www.kalkremont.ru/zamena-okon/cena/v-novosibirske/,www.kalkremont.ru,Замена окон,Новосибирск,price,Окна цена/стоимость в Новосибирске,18.9,Высокий коммерческий интент «цена/стоимость»; уникальная матрица цен 5 700–23 800 ₽/м² (city.priceMult=0.95) × 7 подтипов; страницы /zamena-okon/cena/v-novosibirske/ ещё нет,h1-уникальный | intro-город-Новосибирск | price-matrix(подтипы×city.priceMult) | table-смета-пример-по-площади | calc-cta-выше-сгиба | lead-form-sticky | faq-5-город | sroki-timeline | breadcrumbs | internal-links-6,https://www.kalkremont.ru/zamena-okon/ ; https://www.kalkremont.ru/zamena-okon/v-novosibirske/ ; https://www.kalkremont.ru/zamena-okon/cena/ ; https://www.kalkremont.ru/stoimost-remonta/ ; https://nsk.kalkremont.ru/,https://www.kalkremont.ru/zamena-okon/cena/v-novosibirske/,https://www.kalkremont.ru/sitemap.xml,yes,low
https://www.kalkremont.ru/remont-kuhni/pod-klyuch/v-nizhnem-novgorode/,www.kalkremont.ru,Ремонт кухни,Нижний Новгород,turnkey,Ремонт кухни под ключ в Нижнем Новгороде,18.82,Интент «под ключ» + город; полный цикл 17 100–42 800 ₽/м² (priceMult=1); страницы /remont-kuhni/pod-klyuch/v-nizhnem-novgorode/ ещё нет (подтип pod-klyuch есть только без города),h1-уникальный | intro-под-ключ-Нижний Новгород | price-блок-под-ключ | scope-что-входит-под-ключ | calc-cta-выше-сгиба | lead-form-sticky | faq-5-город | sroki-timeline | breadcrumbs | internal-links-6,https://www.kalkremont.ru/remont-kuhni/ ; https://www.kalkremont.ru/remont-kuhni/pod-klyuch/ ; https://www.kalkremont.ru/remont-kuhni/v-nizhnem-novgorode/ ; https://www.kalkremont.ru/remont-kuhni/cena/v-nizhnem-novgorode/ ; https://nn.kalkremont.ru/,https://www.kalkremont.ru/remont-kuhni/pod-klyuch/v-nizhnem-novgorode/,https://www.kalkremont.ru/sitemap.xml,yes,low
https://www.kalkremont.ru/remont-kuhni/pod-klyuch/v-rostove-na-donu/,www.kalkremont.ru,Ремонт кухни,Ростов-на-Дону,turnkey,Ремонт кухни под ключ в Ростове-на-Дону,18.82,Интент «под ключ» + город; полный цикл 18 000–45 000 ₽/м² (priceMult=1); страницы /remont-kuhni/pod-klyuch/v-rostove-na-donu/ ещё нет (подтип pod-klyuch есть только без города),h1-уникальный | intro-под-ключ-Ростов-на-Дону | price-блок-под-ключ | scope-что-входит-под-ключ | calc-cta-выше-сгиба | lead-form-sticky | faq-5-город | sroki-timeline | breadcrumbs | internal-links-6,https://www.kalkremont.ru/remont-kuhni/ ; https://www.kalkremont.ru/remont-kuhni/pod-klyuch/ ; https://www.kalkremont.ru/remont-kuhni/v-rostove-na-donu/ ; https://www.kalkremont.ru/remont-kuhni/cena/v-rostove-na-donu/ ; https://rnd.kalkremont.ru/,https://www.kalkremont.ru/remont-kuhni/pod-klyuch/v-rostove-na-donu/,https://www.kalkremont.ru/sitemap.xml,yes,low
https://www.kalkremont.ru/remont-kuhni/cena/v-chelyabinske/,www.kalkremont.ru,Ремонт кухни,Челябинск,price,Ремонт кухни цена/стоимость в Челябинске,18.67,Высокий коммерческий интент «цена/стоимость»; уникальная матрица цен 15 300–38 300 ₽/м² (city.priceMult=0.85) × 6 подтипов; страницы /remont-kuhni/cena/v-chelyabinske/ ещё нет,h1-уникальный | intro-город-Челябинск | price-matrix(подтипы×city.priceMult) | table-смета-пример-по-площади | calc-cta-выше-сгиба | lead-form-sticky | faq-5-город | sroki-timeline | breadcrumbs | internal-links-6,https://www.kalkremont.ru/remont-kuhni/ ; https://www.kalkremont.ru/remont-kuhni/v-chelyabinske/ ; https://www.kalkremont.ru/remont-kuhni/cena/ ; https://www.kalkremont.ru/stoimost-remonta/ ; https://chel.kalkremont.ru/,https://www.kalkremont.ru/remont-kuhni/cena/v-chelyabinske/,https://www.kalkremont.ru/sitemap.xml,yes,low
https://www.kalkremont.ru/remont-kuhni/cena/v-samare/,www.kalkremont.ru,Ремонт кухни,Самара,price,Ремонт кухни цена/стоимость в Самаре,18.67,Высокий коммерческий интент «цена/стоимость»; уникальная матрица цен 17 100–42 800 ₽/м² (city.priceMult=0.95) × 6 подтипов; страницы /remont-kuhni/cena/v-samare/ ещё нет,h1-уникальный | intro-город-Самара | price-matrix(подтипы×city.priceMult) | table-смета-пример-по-площади | calc-cta-выше-сгиба | lead-form-sticky | faq-5-город | sroki-timeline | breadcrumbs | internal-links-6,https://www.kalkremont.ru/remont-kuhni/ ; https://www.kalkremont.ru/remont-kuhni/v-samare/ ; https://www.kalkremont.ru/remont-kuhni/cena/ ; https://www.kalkremont.ru/stoimost-remonta/ ; https://sam.kalkremont.ru/,https://www.kalkremont.ru/remont-kuhni/cena/v-samare/,https://www.kalkremont.ru/sitemap.xml,yes,low
https://www.kalkremont.ru/remont-vannoy/cena/v-voronezhe/,www.kalkremont.ru,Ремонт ванной комнаты,Воронеж,price,Ремонт ванной цена/стоимость в Воронеже,18.53,Высокий коммерческий интент «цена/стоимость»; уникальная матрица цен 21 300–51 000 ₽/м² (city.priceMult=0.85) × 6 подтипов; страницы /remont-vannoy/cena/v-voronezhe/ ещё нет,h1-уникальный | intro-город-Воронеж | price-matrix(подтипы×city.priceMult) | table-смета-пример-по-площади | calc-cta-выше-сгиба | lead-form-sticky | faq-5-город | sroki-timeline | breadcrumbs | internal-links-6,https://www.kalkremont.ru/remont-vannoy/ ; https://www.kalkremont.ru/remont-vannoy/v-voronezhe/ ; https://www.kalkremont.ru/remont-vannoy/cena/ ; https://www.kalkremont.ru/stoimost-remonta/ ; https://vrn.kalkremont.ru/,https://www.kalkremont.ru/remont-vannoy/cena/v-voronezhe/,https://www.kalkremont.ru/sitemap.xml,yes,low
https://www.kalkremont.ru/remont-vannoy/cena/v-tyumeni/,www.kalkremont.ru,Ремонт ванной комнаты,Тюмень,price,Ремонт ванной цена/стоимость в Тюмени,18.53,Высокий коммерческий интент «цена/стоимость»; уникальная матрица цен 25 000–60 000 ₽/м² (city.priceMult=1) × 6 подтипов; страницы /remont-vannoy/cena/v-tyumeni/ ещё нет,h1-уникальный | intro-город-Тюмень | price-matrix(подтипы×city.priceMult) | table-смета-пример-по-площади | calc-cta-выше-сгиба | lead-form-sticky | faq-5-город | sroki-timeline | breadcrumbs | internal-links-6,https://www.kalkremont.ru/remont-vannoy/ ; https://www.kalkremont.ru/remont-vannoy/v-tyumeni/ ; https://www.kalkremont.ru/remont-vannoy/cena/ ; https://www.kalkremont.ru/stoimost-remonta/ ; https://tyumen.kalkremont.ru/,https://www.kalkremont.ru/remont-vannoy/cena/v-tyumeni/,https://www.kalkremont.ru/sitemap.xml,yes,low
https://www.kalkremont.ru/zamena-okon/pod-klyuch/v-ekaterinburge/,www.kalkremont.ru,Замена окон,Екатеринбург,turnkey,Окна под ключ в Екатеринбурге,18.5,Интент «под ключ» + город; полный цикл 6 000–25 000 ₽/м² (priceMult=1); страницы /zamena-okon/pod-klyuch/v-ekaterinburge/ ещё нет (подтип pod-klyuch есть только без города),h1-уникальный | intro-под-ключ-Екатеринбург | price-блок-под-ключ | scope-что-входит-под-ключ | calc-cta-выше-сгиба | lead-form-sticky | faq-5-город | sroki-timeline | breadcrumbs | internal-links-6,https://www.kalkremont.ru/zamena-okon/ ; https://www.kalkremont.ru/zamena-okon/pod-klyuch/ ; https://www.kalkremont.ru/zamena-okon/v-ekaterinburge/ ; https://www.kalkremont.ru/zamena-okon/cena/v-ekaterinburge/ ; https://ekb.kalkremont.ru/,https://www.kalkremont.ru/zamena-okon/pod-klyuch/v-ekaterinburge/,https://www.kalkremont.ru/sitemap.xml,yes,low