host,page_type,total_urls,indexable_urls,submitted_indexnow_24h,submitted_recrawl_24h,yandex_indexed_count,google_indexed_count,impressions_yandex,clicks_yandex,ctr_yandex,impressions_google,clicks_google,ctr_google,metrika_visits,leads,conversion_rate,estimated_value
astr.kalkremont.ru,home,1,1,,,,,,,,,,,2,0,0,0
astr.kalkremont.ru,service-hub,3,3,,,,,,,,,,,0,0,0,0
astr.kalkremont.ru,city-leaf,12,12,,,,,,,,,,,0,0,0,0
astr.kalkremont.ru,content,5,5,,,,,,,,,,,0,0,0,0
astr.kalkremont.ru,ALL,21,21,21,0,HOST_NOT_LOADED,n/a,0,0,0,n/a,n/a,n/a,2,0,0,0
balkony.kalkremont.ru,home,1,1,,,,,,,,,,,2,0,0,0
balkony.kalkremont.ru,service-hub,6,6,,,,,,,,,,,0,0,0,0
balkony.kalkremont.ru,city-leaf,485,485,,,,,,,,,,,0,0,0,0
balkony.kalkremont.ru,ALL,492,492,492,0,HOST_NOT_LOADED,n/a,0,0,0,n/a,n/a,n/a,2,0,0,0
brand.kalkremont.ru,home,1,1,,,,,,,,,,,3,0,0,0
brand.kalkremont.ru,service-hub,8,8,,,,,,,,,,,0,0,0,0
brand.kalkremont.ru,ALL,9,9,9,0,HOST_NOT_LOADED,n/a,0,0,0,n/a,n/a,n/a,3,0,0,0
brn.dizayn-interyera-online.ru,ALL(excluded),209,0,209,0,0,n/a,0,0,0,n/a,n/a,n/a,4,0,0,0
brn.dom-stroy-online.ru,ALL,0,0,0,0,HOST_NOT_LOADED,n/a,0,0,0,n/a,n/a,n/a,0,0,0,0
brn.dveri-stalnye24.ru,ALL(excluded),209,0,209,0,0,n/a,0,0,0,n/a,n/a,n/a,4,0,0,0
brn.ipoteka-remont.ru,home,1,1,,,,,,,,,,,0,0,0,0
brn.ipoteka-remont.ru,city-leaf,4,4,,,,,,,,,,,0,0,0,0
brn.ipoteka-remont.ru,ALL,5,5,5,5,HOST_NOT_LOADED,n/a,0,0,0,n/a,n/a,n/a,0,0,0,0
brn.kalkremont.ru,home,1,1,,,,,,,,,,,2,0,0,0
brn.kalkremont.ru,service-hub,5,5,,,,,,,,,,,0,0,0,0
brn.kalkremont.ru,city-leaf,40,40,,,,,,,,,,,0,0,0,0
brn.kalkremont.ru,deep-leaf,100,100,,,,,,,,,,,0,0,0,0
brn.kalkremont.ru,price,1,1,,,,,,,,,,,0,0,0,0
brn.kalkremont.ru,ALL,147,147,147,0,HOST_NOT_LOADED,n/a,0,0,0,n/a,n/a,n/a,2,0,0,0
brn.kamin-zakaz24.ru,ALL(excluded),250,0,250,0,0,n/a,0,0,0,n/a,n/a,n/a,3,0,0,0
brn.kuhni-zakaz-online.ru,home,1,1,,,,,,,,,,,0,0,0,0
brn.kuhni-zakaz-online.ru,city-leaf,4,4,,,,,,,,,,,0,0,0,0
brn.kuhni-zakaz-online.ru,ALL,5,5,5,5,HOST_NOT_LOADED,n/a,0,0,0,n/a,n/a,n/a,0,0,0,0
brn.kupeshkafy24.ru,ALL(excluded),209,0,209,0,0,n/a,0,0,0,n/a,n/a,n/a,3,0,0,0
brn.natyazhnoi-master24.ru,ALL(excluded),250,0,250,0,0,n/a,0,0,0,n/a,n/a,n/a,15,0,0,0
brn.okna-pvh-online.ru,ALL(excluded),250,0,250,0,0,n/a,0,0,0,n/a,n/a,n/a,5,0,0,0
brn.perevodkvartiry.ru,ALL(excluded),209,0,209,0,0,n/a,0,0,0,n/a,n/a,n/a,2,0,0,0
cbx.kalkremont.ru,home,1,1,,,,,,,,,,,2,0,0,0
cbx.kalkremont.ru,service-hub,3,3,,,,,,,,,,,0,0,0,0
cbx.kalkremont.ru,city-leaf,12,12,,,,,,,,,,,0,0,0,0
cbx.kalkremont.ru,ALL,16,16,16,0,HOST_NOT_LOADED,n/a,0,0,0,n/a,n/a,n/a,2,0,0,0
chel.dizayn-interyera-online.ru,ALL(excluded),209,0,209,0,0,n/a,0,0,0,n/a,n/a,n/a,4,0,0,0
chel.dom-stroy-online.ru,ALL,0,0,0,0,HOST_NOT_LOADED,n/a,0,0,0,n/a,n/a,n/a,0,0,0,0
chel.dveri-stalnye24.ru,ALL(excluded),209,0,209,0,0,n/a,0,0,0,n/a,n/a,n/a,4,0,0,0
chel.ipoteka-remont.ru,home,1,1,,,,,,,,,,,0,0,0,0
chel.ipoteka-remont.ru,city-leaf,4,4,,,,,,,,,,,0,0,0,0
chel.ipoteka-remont.ru,ALL,5,5,5,5,HOST_NOT_LOADED,n/a,0,0,0,n/a,n/a,n/a,0,0,0,0
chel.kalkremont.ru,home,1,1,,,,,,,,,,,1,0,0,0
chel.kalkremont.ru,service-hub,5,5,,,,,,,,,,,0,0,0,0
chel.kalkremont.ru,city-leaf,40,40,,,,,,,,,,,0,0,0,0
chel.kalkremont.ru,deep-leaf,100,100,,,,,,,,,,,0,0,0,0
chel.kalkremont.ru,price,1,1,,,,,,,,,,,0,0,0,0
chel.kalkremont.ru,content,29,29,,,,,,,,,,,0,0,0,0
chel.kalkremont.ru,ALL,176,176,176,0,HOST_NOT_LOADED,n/a,0,0,0,n/a,n/a,n/a,1,0,0,0
chel.kamin-zakaz24.ru,ALL(excluded),250,0,250,0,0,n/a,0,0,0,n/a,n/a,n/a,2,0,0,0
chel.kuhni-zakaz-online.ru,home,1,1,,,,,,,,,,,0,0,0,0
chel.kuhni-zakaz-online.ru,city-leaf,4,4,,,,,,,,,,,0,0,0,0
chel.kuhni-zakaz-online.ru,ALL,5,5,5,5,HOST_NOT_LOADED,n/a,0,0,0,n/a,n/a,n/a,0,0,0,0
chel.kupeshkafy24.ru,ALL(excluded),209,0,209,0,0,n/a,0,0,0,n/a,n/a,n/a,7,0,0,0
chel.natyazhnoi-master24.ru,ALL(excluded),250,0,250,0,0,n/a,0,0,0,n/a,n/a,n/a,4,0,0,0
chel.okna-pvh-online.ru,ALL(excluded),250,0,250,0,0,n/a,0,0,0,n/a,n/a,n/a,6,0,0,0
chel.perevodkvartiry.ru,ALL(excluded),209,0,209,0,0,n/a,0,0,0,n/a,n/a,n/a,0,0,0,0
demontazh.kalkremont.ru,home,1,1,,,,,,,,,,,2,0,0,0
demontazh.kalkremont.ru,service-hub,5,5,,,,,,,,,,,0,0,0,0
demontazh.kalkremont.ru,city-leaf,445,445,,,,,,,,,,,0,0,0,0
demontazh.kalkremont.ru,ALL,451,451,451,0,HOST_NOT_LOADED,n/a,0,0,0,n/a,n/a,n/a,2,0,0,0
dizayn-interyera-online.ru,home,1,1,,,,,,,,,,,1,0,0,0
dizayn-interyera-online.ru,service-hub,3,3,,,,,,,,,,,0,0,0,0
dizayn-interyera-online.ru,city-leaf,204,204,,,,,,,,,,,0,0,0,0
dizayn-interyera-online.ru,content,1,1,,,,,,,,,,,0,0,0,0
dizayn-interyera-online.ru,ALL,209,209,209,0,HOST_NOT_LOADED,n/a,0,0,0,n/a,n/a,n/a,1,0,0,0
dizayn.kalkremont.ru,home,1,1,,,,,,,,,,,1,0,0,0
dizayn.kalkremont.ru,service-hub,10,10,,,,,,,,,,,0,0,0,0
dizayn.kalkremont.ru,city-leaf,604,604,,,,,,,,,,,0,0,0,0
dizayn.kalkremont.ru,ALL,615,615,615,0,HOST_NOT_LOADED,n/a,0,0,0,n/a,n/a,n/a,1,0,0,0
dom-stroy-online.ru,ALL(excluded),5,0,5,0,0,n/a,0,0,0,n/a,n/a,n/a,0,0,0,0
dveri-stalnye24.ru,home,1,1,,,,,,,,,,,1,0,0,0
dveri-stalnye24.ru,service-hub,3,3,,,,,,,,,,,0,0,0,0
dveri-stalnye24.ru,city-leaf,204,204,,,,,,,,,,,0,0,0,0
dveri-stalnye24.ru,content,1,1,,,,,,,,,,,0,0,0,0
dveri-stalnye24.ru,ALL,209,209,209,0,HOST_NOT_LOADED,n/a,0,0,0,n/a,n/a,n/a,1,0,0,0
dveri.kalkremont.ru,home,1,1,,,,,,,,,,,2,0,0,0
dveri.kalkremont.ru,service-hub,6,6,,,,,,,,,,,0,0,0,0
dveri.kalkremont.ru,city-leaf,444,444,,,,,,,,,,,0,0,0,0
dveri.kalkremont.ru,ALL,451,451,451,0,HOST_NOT_LOADED,n/a,0,0,0,n/a,n/a,n/a,2,0,0,0
ekb.dizayn-interyera-online.ru,ALL(excluded),209,0,209,0,0,n/a,0,0,0,n/a,n/a,n/a,2,0,0,0
ekb.dom-stroy-online.ru,home,1,1,,,,,,,,,,,0,0,0,0
ekb.dom-stroy-online.ru,city-leaf,4,4,,,,,,,,,,,0,0,0,0
ekb.dom-stroy-online.ru,ALL,5,5,5,5,HOST_NOT_LOADED,n/a,0,0,0,n/a,n/a,n/a,0,0,0,0
ekb.dveri-stalnye24.ru,ALL(excluded),209,0,209,0,0,n/a,0,0,0,n/a,n/a,n/a,3,0,0,0
ekb.ipoteka-remont.ru,home,1,1,,,,,,,,,,,0,0,0,0
ekb.ipoteka-remont.ru,city-leaf,4,4,,,,,,,,,,,0,0,0,0
ekb.ipoteka-remont.ru,ALL,5,5,5,5,HOST_NOT_LOADED,n/a,0,0,0,n/a,n/a,n/a,0,0,0,0
ekb.kalkremont.ru,home,1,1,,,,,,,,,,,1,0,0,0
ekb.kalkremont.ru,service-hub,7,7,,,,,,,,,,,0,0,0,0
ekb.kalkremont.ru,city-leaf,56,56,,,,,,,,,,,0,0,0,0
ekb.kalkremont.ru,deep-leaf,140,140,,,,,,,,,,,0,0,0,0
ekb.kalkremont.ru,price,1,1,,,,,,,,,,,0,0,0,0
ekb.kalkremont.ru,ALL,205,205,205,0,HOST_NOT_LOADED,n/a,0,0,0,n/a,n/a,n/a,1,0,0,0
ekb.kamin-zakaz24.ru,ALL(excluded),250,0,250,0,0,n/a,0,0,0,n/a,n/a,n/a,4,0,0,0
ekb.kuhni-zakaz-online.ru,home,1,1,,,,,,,,,,,0,0,0,0
ekb.kuhni-zakaz-online.ru,city-leaf,4,4,,,,,,,,,,,0,0,0,0
ekb.kuhni-zakaz-online.ru,ALL,5,5,5,5,HOST_NOT_LOADED,n/a,0,0,0,n/a,n/a,n/a,0,0,0,0
ekb.kupeshkafy24.ru,ALL(excluded),209,0,209,0,0,n/a,0,0,0,n/a,n/a,n/a,5,0,0,0
ekb.natyazhnoi-master24.ru,ALL(excluded),250,0,250,0,0,n/a,0,0,0,n/a,n/a,n/a,4,0,0,0
ekb.okna-pvh-online.ru,ALL(excluded),250,0,250,0,0,n/a,0,0,0,n/a,n/a,n/a,6,0,0,0
ekb.perevodkvartiry.ru,ALL(excluded),209,0,209,0,0,n/a,0,0,0,n/a,n/a,n/a,5,0,0,0
elektro.kalkremont.ru,home,1,1,,,,,,,,,,,1,0,0,0
elektro.kalkremont.ru,service-hub,5,5,,,,,,,,,,,0,0,0,0
elektro.kalkremont.ru,city-leaf,445,445,,,,,,,,,,,0,0,0,0
elektro.kalkremont.ru,ALL,451,451,451,0,HOST_NOT_LOADED,n/a,0,0,0,n/a,n/a,n/a,1,0,0,0
fasad.kalkremont.ru,home,1,1,,,,,,,,,,,2,0,0,0
fasad.kalkremont.ru,service-hub,6,6,,,,,,,,,,,0,0,0,0
fasad.kalkremont.ru,city-leaf,485,485,,,,,,,,,,,0,0,0,0
fasad.kalkremont.ru,ALL,492,492,492,0,HOST_NOT_LOADED,n/a,0,0,0,n/a,n/a,n/a,2,0,0,0
ipoteka-remont.ru,ALL(excluded),5,0,5,0,0,n/a,0,0,0,n/a,n/a,n/a,0,2,0,1400
irk.kalkremont.ru,home,1,1,,,,,,,,,,,2,0,0,0
irk.kalkremont.ru,service-hub,4,4,,,,,,,,,,,0,0,0,0
irk.kalkremont.ru,city-leaf,16,16,,,,,,,,,,,0,0,0,0
irk.kalkremont.ru,ALL,21,21,21,0,HOST_NOT_LOADED,n/a,0,0,0,n/a,n/a,n/a,2,0,0,0
izh.kalkremont.ru,home,1,1,,,,,,,,,,,3,0,0,0
izh.kalkremont.ru,service-hub,5,5,,,,,,,,,,,0,0,0,0
izh.kalkremont.ru,city-leaf,20,20,,,,,,,,,,,0,0,0,0
izh.kalkremont.ru,ALL,26,26,26,0,HOST_NOT_LOADED,n/a,0,0,0,n/a,n/a,n/a,3,0,0,0
kalkremont.ru,ALL(excluded),9040,0,1000,0,0,n/a,0,0,0,n/a,n/a,n/a,26,0,0,0
kamin-zakaz24.ru,home,1,1,,,,,,,,,,,2,0,0,0
kamin-zakaz24.ru,service-hub,3,3,,,,,,,,,,,0,0,0,0
kamin-zakaz24.ru,city-leaf,245,245,,,,,,,,,,,0,0,0,0
kamin-zakaz24.ru,content,1,1,,,,,,,,,,,0,0,0,0
kamin-zakaz24.ru,ALL,250,250,250,0,HOST_NOT_LOADED,n/a,0,0,0,n/a,n/a,n/a,2,0,0,0
kem.kalkremont.ru,home,1,1,,,,,,,,,,,2,0,0,0
kem.kalkremont.ru,service-hub,5,5,,,,,,,,,,,0,0,0,0
kem.kalkremont.ru,city-leaf,20,20,,,,,,,,,,,0,0,0,0
kem.kalkremont.ru,ALL,26,26,26,0,HOST_NOT_LOADED,n/a,0,0,0,n/a,n/a,n/a,2,0,0,0
khv.kalkremont.ru,home,1,1,,,,,,,,,,,2,0,0,0
khv.kalkremont.ru,service-hub,5,5,,,,,,,,,,,0,0,0,0
khv.kalkremont.ru,city-leaf,20,20,,,,,,,,,,,0,0,0,0
khv.kalkremont.ru,ALL,26,26,26,0,HOST_NOT_LOADED,n/a,0,0,0,n/a,n/a,n/a,2,0,0,0
kir.kalkremont.ru,home,1,1,,,,,,,,,,,2,0,0,0
kir.kalkremont.ru,service-hub,4,4,,,,,,,,,,,0,0,0,0
kir.kalkremont.ru,city-leaf,16,16,,,,,,,,,,,0,0,0,0
kir.kalkremont.ru,ALL,21,21,21,0,HOST_NOT_LOADED,n/a,0,0,0,n/a,n/a,n/a,2,0,0,0
kld.kalkremont.ru,home,1,1,,,,,,,,,,,2,0,0,0
kld.kalkremont.ru,service-hub,4,4,,,,,,,,,,,0,0,0,0
kld.kalkremont.ru,city-leaf,16,16,,,,,,,,,,,0,0,0,0
kld.kalkremont.ru,ALL,21,21,21,0,HOST_NOT_LOADED,n/a,0,0,0,n/a,n/a,n/a,2,0,0,0
kondicioner.kalkremont.ru,home,1,1,,,,,,,,,,,2,0,0,0
kondicioner.kalkremont.ru,service-hub,6,6,,,,,,,,,,,0,0,0,0
kondicioner.kalkremont.ru,city-leaf,485,485,,,,,,,,,,,0,0,0,0
kondicioner.kalkremont.ru,ALL,492,492,492,0,HOST_NOT_LOADED,n/a,0,0,0,n/a,n/a,n/a,2,0,0,0
krd.dizayn-interyera-online.ru,ALL(excluded),209,0,209,0,0,n/a,0,0,0,n/a,n/a,n/a,4,0,0,0
krd.dom-stroy-online.ru,home,1,1,,,,,,,,,,,0,0,0,0
krd.dom-stroy-online.ru,city-leaf,4,4,,,,,,,,,,,0,0,0,0
krd.dom-stroy-online.ru,ALL,5,5,5,5,HOST_NOT_LOADED,n/a,0,0,0,n/a,n/a,n/a,0,0,0,0
krd.dveri-stalnye24.ru,ALL(excluded),209,0,209,0,0,n/a,0,0,0,n/a,n/a,n/a,4,0,0,0
krd.ipoteka-remont.ru,home,1,1,,,,,,,,,,,0,0,0,0
krd.ipoteka-remont.ru,city-leaf,4,4,,,,,,,,,,,0,0,0,0
krd.ipoteka-remont.ru,ALL,5,5,5,5,HOST_NOT_LOADED,n/a,0,0,0,n/a,n/a,n/a,0,0,0,0
krd.kalkremont.ru,home,1,1,,,,,,,,,,,2,0,0,0
krd.kalkremont.ru,service-hub,6,6,,,,,,,,,,,0,0,0,0
krd.kalkremont.ru,city-leaf,48,48,,,,,,,,,,,0,0,0,0
krd.kalkremont.ru,deep-leaf,120,120,,,,,,,,,,,0,0,0,0
krd.kalkremont.ru,price,1,1,,,,,,,,,,,0,0,0,0
krd.kalkremont.ru,ALL,176,176,176,0,HOST_NOT_LOADED,n/a,0,0,0,n/a,n/a,n/a,2,0,0,0
krd.kamin-zakaz24.ru,ALL(excluded),250,0,250,0,0,n/a,0,0,0,n/a,n/a,n/a,5,0,0,0
krd.kuhni-zakaz-online.ru,home,1,1,,,,,,,,,,,0,0,0,0
krd.kuhni-zakaz-online.ru,city-leaf,4,4,,,,,,,,,,,0,0,0,0
krd.kuhni-zakaz-online.ru,ALL,5,5,5,5,HOST_NOT_LOADED,n/a,0,0,0,n/a,n/a,n/a,0,0,0,0
krd.kupeshkafy24.ru,ALL(excluded),209,0,209,0,0,n/a,0,0,0,n/a,n/a,n/a,4,0,0,0
krd.natyazhnoi-master24.ru,ALL(excluded),250,0,250,0,0,n/a,0,0,0,n/a,n/a,n/a,12,0,0,0
krd.okna-pvh-online.ru,ALL(excluded),250,0,250,0,0,n/a,0,0,0,n/a,n/a,n/a,4,0,0,0
krd.perevodkvartiry.ru,ALL(excluded),209,0,209,0,0,n/a,0,0,0,n/a,n/a,n/a,3,0,0,0
kuhni-zakaz-online.ru,ALL(excluded),5,0,5,0,0,n/a,0,0,0,n/a,n/a,n/a,0,0,0,0
kuhni.kalkremont.ru,home,1,1,,,,,,,,,,,3,0,0,0
kuhni.kalkremont.ru,service-hub,5,5,,,,,,,,,,,0,0,0,0
kuhni.kalkremont.ru,city-leaf,445,445,,,,,,,,,,,0,0,0,0
kuhni.kalkremont.ru,ALL,451,451,451,0,HOST_NOT_LOADED,n/a,0,0,0,n/a,n/a,n/a,3,0,0,0
kupeshkafy24.ru,home,1,1,,,,,,,,,,,2,0,0,0
kupeshkafy24.ru,service-hub,3,3,,,,,,,,,,,0,0,0,0
kupeshkafy24.ru,city-leaf,204,204,,,,,,,,,,,0,0,0,0
kupeshkafy24.ru,content,1,1,,,,,,,,,,,0,0,0,0
kupeshkafy24.ru,ALL,209,209,209,0,HOST_NOT_LOADED,n/a,0,0,0,n/a,n/a,n/a,2,0,0,0
kzn.dizayn-interyera-online.ru,ALL(excluded),209,0,209,0,0,n/a,0,0,0,n/a,n/a,n/a,5,0,0,0
kzn.dom-stroy-online.ru,home,1,1,,,,,,,,,,,0,0,0,0
kzn.dom-stroy-online.ru,city-leaf,4,4,,,,,,,,,,,0,0,0,0
kzn.dom-stroy-online.ru,ALL,5,5,5,5,HOST_NOT_LOADED,n/a,0,0,0,n/a,n/a,n/a,0,0,0,0
kzn.dveri-stalnye24.ru,ALL(excluded),209,0,209,0,0,n/a,0,0,0,n/a,n/a,n/a,5,0,0,0
kzn.ipoteka-remont.ru,home,1,1,,,,,,,,,,,0,0,0,0
kzn.ipoteka-remont.ru,city-leaf,4,4,,,,,,,,,,,0,0,0,0
kzn.ipoteka-remont.ru,ALL,5,5,5,5,HOST_NOT_LOADED,n/a,0,0,0,n/a,n/a,n/a,0,0,0,0
kzn.kalkremont.ru,home,1,1,,,,,,,,,,,3,0,0,0
kzn.kalkremont.ru,service-hub,6,6,,,,,,,,,,,0,0,0,0
kzn.kalkremont.ru,city-leaf,48,48,,,,,,,,,,,0,0,0,0
kzn.kalkremont.ru,deep-leaf,120,120,,,,,,,,,,,0,0,0,0
kzn.kalkremont.ru,price,1,1,,,,,,,,,,,0,0,0,0
kzn.kalkremont.ru,content,29,29,,,,,,,,,,,0,0,0,0
kzn.kalkremont.ru,ALL,205,205,205,0,HOST_NOT_LOADED,n/a,0,0,0,n/a,n/a,n/a,3,0,0,0
kzn.kamin-zakaz24.ru,ALL(excluded),250,0,250,0,0,n/a,0,0,0,n/a,n/a,n/a,5,0,0,0
kzn.kuhni-zakaz-online.ru,home,1,1,,,,,,,,,,,0,0,0,0
kzn.kuhni-zakaz-online.ru,city-leaf,4,4,,,,,,,,,,,0,0,0,0
kzn.kuhni-zakaz-online.ru,ALL,5,5,5,5,HOST_NOT_LOADED,n/a,0,0,0,n/a,n/a,n/a,0,0,0,0
kzn.kupeshkafy24.ru,ALL(excluded),209,0,209,0,0,n/a,0,0,0,n/a,n/a,n/a,3,0,0,0
kzn.natyazhnoi-master24.ru,ALL(excluded),250,0,250,0,0,n/a,0,0,0,n/a,n/a,n/a,17,0,0,0
kzn.okna-pvh-online.ru,ALL(excluded),250,0,250,0,0,n/a,0,0,0,n/a,n/a,n/a,4,0,0,0
kzn.perevodkvartiry.ru,ALL(excluded),209,0,209,0,0,n/a,0,0,0,n/a,n/a,n/a,2,0,0,0
lpk.kalkremont.ru,home,1,1,,,,,,,,,,,2,0,0,0
lpk.kalkremont.ru,service-hub,3,3,,,,,,,,,,,0,0,0,0
lpk.kalkremont.ru,city-leaf,12,12,,,,,,,,,,,0,0,0,0
lpk.kalkremont.ru,content,5,5,,,,,,,,,,,0,0,0,0
lpk.kalkremont.ru,ALL,21,21,21,0,HOST_NOT_LOADED,n/a,0,0,0,n/a,n/a,n/a,2,0,0,0
moskva.dizayn-interyera-online.ru,ALL(excluded),209,0,209,0,0,n/a,0,0,0,n/a,n/a,n/a,5,0,0,0
moskva.dom-stroy-online.ru,home,1,1,,,,,,,,,,,0,0,0,0
moskva.dom-stroy-online.ru,city-leaf,4,4,,,,,,,,,,,0,0,0,0
moskva.dom-stroy-online.ru,ALL,5,5,5,5,HOST_NOT_LOADED,n/a,0,0,0,n/a,n/a,n/a,0,0,0,0
moskva.dveri-stalnye24.ru,ALL(excluded),209,0,209,0,0,n/a,0,0,0,n/a,n/a,n/a,2,0,0,0
moskva.ipoteka-remont.ru,home,1,1,,,,,,,,,,,0,0,0,0
moskva.ipoteka-remont.ru,city-leaf,4,4,,,,,,,,,,,0,0,0,0
moskva.ipoteka-remont.ru,ALL,5,5,10,5,HOST_NOT_LOADED,n/a,0,0,0,n/a,n/a,n/a,0,0,0,0
moskva.kalkremont.ru,home,1,1,,,,,,,,,,,1,0,0,0
moskva.kalkremont.ru,service-hub,11,11,,,,,,,,,,,1,0,0,0
moskva.kalkremont.ru,city-leaf,88,88,,,,,,,,,,,0,0,0,0
moskva.kalkremont.ru,deep-leaf,220,220,,,,,,,,,,,0,0,0,0
moskva.kalkremont.ru,price,1,1,,,,,,,,,,,0,0,0,0
moskva.kalkremont.ru,ALL,321,321,321,0,HOST_NOT_LOADED,n/a,0,0,0,n/a,n/a,n/a,2,0,0,0
moskva.kamin-zakaz24.ru,ALL(excluded),250,0,250,0,0,n/a,0,0,0,n/a,n/a,n/a,7,0,0,0
moskva.kuhni-zakaz-online.ru,home,1,1,,,,,,,,,,,0,0,0,0
moskva.kuhni-zakaz-online.ru,city-leaf,4,4,,,,,,,,,,,0,0,0,0
moskva.kuhni-zakaz-online.ru,ALL,5,5,5,5,HOST_NOT_LOADED,n/a,0,0,0,n/a,n/a,n/a,0,0,0,0
moskva.kupeshkafy24.ru,ALL(excluded),209,0,209,0,0,n/a,0,0,0,n/a,n/a,n/a,1,0,0,0
moskva.natyazhnoi-master24.ru,ALL(excluded),250,0,250,0,0,n/a,0,0,0,n/a,n/a,n/a,2,0,0,0
moskva.okna-pvh-online.ru,ALL(excluded),250,0,250,0,0,n/a,0,0,0,n/a,n/a,n/a,11,0,0,0
moskva.perevodkvartiry.ru,ALL(excluded),209,0,209,0,0,n/a,0,0,0,n/a,n/a,n/a,1,0,0,0
natyazhnoi-master24.ru,home,1,1,,,,,,,,,,,2,0,0,0
natyazhnoi-master24.ru,service-hub,3,3,,,,,,,,,,,0,0,0,0
natyazhnoi-master24.ru,city-leaf,245,245,,,,,,,,,,,0,0,0,0
natyazhnoi-master24.ru,content,1,1,,,,,,,,,,,0,0,0,0
natyazhnoi-master24.ru,ALL,250,250,250,0,HOST_NOT_LOADED,n/a,0,0,0,n/a,n/a,n/a,2,0,0,0
nn.dizayn-interyera-online.ru,ALL(excluded),209,0,209,0,0,n/a,0,0,0,n/a,n/a,n/a,4,0,0,0
nn.dom-stroy-online.ru,home,1,1,,,,,,,,,,,0,0,0,0
nn.dom-stroy-online.ru,city-leaf,4,4,,,,,,,,,,,0,0,0,0
nn.dom-stroy-online.ru,ALL,5,5,5,5,HOST_NOT_LOADED,n/a,0,0,0,n/a,n/a,n/a,0,0,0,0
nn.dveri-stalnye24.ru,ALL(excluded),209,0,209,0,0,n/a,0,0,0,n/a,n/a,n/a,2,0,0,0
nn.ipoteka-remont.ru,home,1,1,,,,,,,,,,,0,0,0,0
nn.ipoteka-remont.ru,city-leaf,4,4,,,,,,,,,,,0,0,0,0
nn.ipoteka-remont.ru,ALL,5,5,5,5,HOST_NOT_LOADED,n/a,0,0,0,n/a,n/a,n/a,0,0,0,0
nn.kalkremont.ru,home,1,1,,,,,,,,,,,2,0,0,0
nn.kalkremont.ru,service-hub,6,6,,,,,,,,,,,0,0,0,0
nn.kalkremont.ru,city-leaf,48,48,,,,,,,,,,,0,0,0,0
nn.kalkremont.ru,deep-leaf,120,120,,,,,,,,,,,0,0,0,0
nn.kalkremont.ru,price,1,1,,,,,,,,,,,0,0,0,0
nn.kalkremont.ru,content,29,29,,,,,,,,,,,0,0,0,0
nn.kalkremont.ru,ALL,205,205,205,0,HOST_NOT_LOADED,n/a,0,0,0,n/a,n/a,n/a,2,0,0,0
nn.kamin-zakaz24.ru,ALL(excluded),250,0,250,0,0,n/a,0,0,0,n/a,n/a,n/a,3,0,0,0
nn.kuhni-zakaz-online.ru,home,1,1,,,,,,,,,,,0,0,0,0
nn.kuhni-zakaz-online.ru,city-leaf,4,4,,,,,,,,,,,0,0,0,0
nn.kuhni-zakaz-online.ru,ALL,5,5,5,5,HOST_NOT_LOADED,n/a,0,0,0,n/a,n/a,n/a,0,0,0,0
nn.kupeshkafy24.ru,ALL(excluded),209,0,209,0,0,n/a,0,0,0,n/a,n/a,n/a,7,0,0,0
nn.natyazhnoi-master24.ru,ALL(excluded),250,0,250,0,0,n/a,0,0,0,n/a,n/a,n/a,6,0,0,0
nn.okna-pvh-online.ru,ALL(excluded),250,0,250,0,0,n/a,0,0,0,n/a,n/a,n/a,7,0,0,0
nn.perevodkvartiry.ru,ALL(excluded),209,0,209,0,0,n/a,0,0,0,n/a,n/a,n/a,5,0,0,0
nsk.dizayn-interyera-online.ru,ALL(excluded),209,0,209,0,0,n/a,0,0,0,n/a,n/a,n/a,5,0,0,0
nsk.dom-stroy-online.ru,home,1,1,,,,,,,,,,,0,0,0,0
nsk.dom-stroy-online.ru,city-leaf,4,4,,,,,,,,,,,0,0,0,0
nsk.dom-stroy-online.ru,ALL,5,5,5,5,HOST_NOT_LOADED,n/a,0,0,0,n/a,n/a,n/a,0,0,0,0
nsk.dveri-stalnye24.ru,ALL(excluded),209,0,209,0,0,n/a,0,0,0,n/a,n/a,n/a,3,0,0,0
nsk.ipoteka-remont.ru,home,1,1,,,,,,,,,,,0,2,0,1400
nsk.ipoteka-remont.ru,city-leaf,4,4,,,,,,,,,,,0,0,0,0
nsk.ipoteka-remont.ru,ALL,5,5,5,5,HOST_NOT_LOADED,n/a,0,0,0,n/a,n/a,n/a,0,2,0,1400
nsk.kalkremont.ru,home,1,1,,,,,,,,,,,2,0,0,0
nsk.kalkremont.ru,service-hub,6,6,,,,,,,,,,,0,0,0,0
nsk.kalkremont.ru,city-leaf,48,48,,,,,,,,,,,0,0,0,0
nsk.kalkremont.ru,deep-leaf,120,120,,,,,,,,,,,0,0,0,0
nsk.kalkremont.ru,price,1,1,,,,,,,,,,,0,0,0,0
nsk.kalkremont.ru,content,29,29,,,,,,,,,,,0,0,0,0
nsk.kalkremont.ru,ALL,205,205,205,0,HOST_NOT_LOADED,n/a,0,0,0,n/a,n/a,n/a,2,0,0,0
nsk.kamin-zakaz24.ru,ALL(excluded),250,0,250,0,0,n/a,0,0,0,n/a,n/a,n/a,5,0,0,0
nsk.kuhni-zakaz-online.ru,home,1,1,,,,,,,,,,,0,0,0,0
nsk.kuhni-zakaz-online.ru,city-leaf,4,4,,,,,,,,,,,0,0,0,0
nsk.kuhni-zakaz-online.ru,ALL,5,5,5,5,HOST_NOT_LOADED,n/a,0,0,0,n/a,n/a,n/a,0,0,0,0
nsk.kupeshkafy24.ru,ALL(excluded),209,0,209,0,0,n/a,0,0,0,n/a,n/a,n/a,5,0,0,0
nsk.natyazhnoi-master24.ru,ALL(excluded),250,0,250,0,0,n/a,0,0,0,n/a,n/a,n/a,6,0,0,0
nsk.okna-pvh-online.ru,ALL(excluded),250,0,250,0,0,n/a,0,0,0,n/a,n/a,n/a,4,0,0,0
nsk.perevodkvartiry.ru,ALL(excluded),209,0,209,0,0,n/a,0,0,0,n/a,n/a,n/a,6,0,0,0
okna-pvh-online.ru,home,1,1,,,,,,,,,,,0,0,0,0
okna-pvh-online.ru,service-hub,3,3,,,,,,,,,,,0,0,0,0
okna-pvh-online.ru,city-leaf,245,245,,,,,,,,,,,0,0,0,0
okna-pvh-online.ru,content,1,1,,,,,,,,,,,0,0,0,0
okna-pvh-online.ru,ALL,250,250,250,0,HOST_NOT_LOADED,n/a,0,0,0,n/a,n/a,n/a,0,0,0,0
okna.kalkremont.ru,home,1,1,,,,,,,,,,,2,0,0,0
okna.kalkremont.ru,service-hub,6,6,,,,,,,,,,,0,0,0,0
okna.kalkremont.ru,city-leaf,485,485,,,,,,,,,,,0,0,0,0
okna.kalkremont.ru,ALL,492,492,492,0,HOST_NOT_LOADED,n/a,0,0,0,n/a,n/a,n/a,2,0,0,0
oren.kalkremont.ru,home,1,1,,,,,,,,,,,3,0,0,0
oren.kalkremont.ru,service-hub,4,4,,,,,,,,,,,0,0,0,0
oren.kalkremont.ru,city-leaf,16,16,,,,,,,,,,,0,0,0,0
oren.kalkremont.ru,ALL,21,21,21,0,HOST_NOT_LOADED,n/a,0,0,0,n/a,n/a,n/a,3,0,0,0
perevodkvartiry.ru,home,1,1,,,,,,,,,,,2,0,0,0
perevodkvartiry.ru,service-hub,3,3,,,,,,,,,,,0,0,0,0
perevodkvartiry.ru,city-leaf,204,204,,,,,,,,,,,0,0,0,0
perevodkvartiry.ru,content,1,1,,,,,,,,,,,0,0,0,0
perevodkvartiry.ru,ALL,209,209,209,0,HOST_NOT_LOADED,n/a,0,0,0,n/a,n/a,n/a,2,0,0,0
perm.dizayn-interyera-online.ru,ALL(excluded),209,0,209,0,0,n/a,0,0,0,n/a,n/a,n/a,8,0,0,0
perm.dom-stroy-online.ru,ALL,0,0,0,0,HOST_NOT_LOADED,n/a,0,0,0,n/a,n/a,n/a,0,0,0,0
perm.dveri-stalnye24.ru,ALL(excluded),209,0,209,0,0,n/a,0,0,0,n/a,n/a,n/a,3,0,0,0
perm.ipoteka-remont.ru,home,1,1,,,,,,,,,,,0,0,0,0
perm.ipoteka-remont.ru,city-leaf,4,4,,,,,,,,,,,0,0,0,0
perm.ipoteka-remont.ru,ALL,5,5,5,5,HOST_NOT_LOADED,n/a,0,0,0,n/a,n/a,n/a,0,0,0,0
perm.kalkremont.ru,home,1,1,,,,,,,,,,,3,0,0,0
perm.kalkremont.ru,service-hub,7,7,,,,,,,,,,,0,0,0,0
perm.kalkremont.ru,city-leaf,56,56,,,,,,,,,,,0,0,0,0
perm.kalkremont.ru,deep-leaf,140,140,,,,,,,,,,,0,0,0,0
perm.kalkremont.ru,price,1,1,,,,,,,,,,,0,0,0,0
perm.kalkremont.ru,ALL,205,205,205,0,HOST_NOT_LOADED,n/a,0,0,0,n/a,n/a,n/a,3,0,0,0
perm.kamin-zakaz24.ru,ALL(excluded),250,0,250,0,0,n/a,0,0,0,n/a,n/a,n/a,5,0,0,0
perm.kuhni-zakaz-online.ru,home,1,1,,,,,,,,,,,0,0,0,0
perm.kuhni-zakaz-online.ru,city-leaf,4,4,,,,,,,,,,,0,0,0,0
perm.kuhni-zakaz-online.ru,ALL,5,5,5,5,HOST_NOT_LOADED,n/a,0,0,0,n/a,n/a,n/a,0,0,0,0
perm.kupeshkafy24.ru,ALL(excluded),209,0,209,0,0,n/a,0,0,0,n/a,n/a,n/a,4,0,0,0
perm.natyazhnoi-master24.ru,ALL(excluded),250,0,250,0,0,n/a,0,0,0,n/a,n/a,n/a,6,0,0,0
perm.okna-pvh-online.ru,ALL(excluded),250,0,250,0,0,n/a,0,0,0,n/a,n/a,n/a,9,0,0,0
perm.perevodkvartiry.ru,ALL(excluded),209,0,209,0,0,n/a,0,0,0,n/a,n/a,n/a,4,0,0,0
pnz.kalkremont.ru,home,1,1,,,,,,,,,,,1,0,0,0
pnz.kalkremont.ru,service-hub,4,4,,,,,,,,,,,0,0,0,0
pnz.kalkremont.ru,city-leaf,16,16,,,,,,,,,,,0,0,0,0
pnz.kalkremont.ru,ALL,21,21,21,0,HOST_NOT_LOADED,n/a,0,0,0,n/a,n/a,n/a,1,0,0,0
potolki.kalkremont.ru,home,1,1,,,,,,,,,,,2,0,0,0
potolki.kalkremont.ru,service-hub,7,7,,,,,,,,,,,0,0,0,0
potolki.kalkremont.ru,city-leaf,484,484,,,,,,,,,,,0,0,0,0
potolki.kalkremont.ru,ALL,492,492,492,0,HOST_NOT_LOADED,n/a,0,0,0,n/a,n/a,n/a,2,0,0,0
price.kalkremont.ru,home,1,1,,,,,,,,,,,0,0,0,0
price.kalkremont.ru,service-hub,4,4,,,,,,,,,,,0,0,0,0
price.kalkremont.ru,city-leaf,150,150,,,,,,,,,,,0,0,0,0
price.kalkremont.ru,ALL,155,155,155,0,HOST_NOT_LOADED,n/a,0,0,0,n/a,n/a,n/a,0,0,0,0
rnd.dizayn-interyera-online.ru,ALL(excluded),209,0,209,0,0,n/a,0,0,0,n/a,n/a,n/a,4,0,0,0
rnd.dom-stroy-online.ru,ALL,0,0,0,0,HOST_NOT_LOADED,n/a,0,0,0,n/a,n/a,n/a,0,0,0,0
rnd.dveri-stalnye24.ru,ALL(excluded),209,0,209,0,0,n/a,0,0,0,n/a,n/a,n/a,4,0,0,0
rnd.ipoteka-remont.ru,home,1,1,,,,,,,,,,,0,1,0,700
rnd.ipoteka-remont.ru,city-leaf,4,4,,,,,,,,,,,0,0,0,0
rnd.ipoteka-remont.ru,ALL,5,5,5,5,HOST_NOT_LOADED,n/a,0,0,0,n/a,n/a,n/a,0,1,0,700
rnd.kalkremont.ru,home,1,1,,,,,,,,,,,2,0,0,0
rnd.kalkremont.ru,service-hub,6,6,,,,,,,,,,,0,0,0,0
rnd.kalkremont.ru,city-leaf,48,48,,,,,,,,,,,0,0,0,0
rnd.kalkremont.ru,deep-leaf,120,120,,,,,,,,,,,0,0,0,0
rnd.kalkremont.ru,price,1,1,,,,,,,,,,,0,0,0,0
rnd.kalkremont.ru,content,29,29,,,,,,,,,,,0,0,0,0
rnd.kalkremont.ru,ALL,205,205,205,0,HOST_NOT_LOADED,n/a,0,0,0,n/a,n/a,n/a,2,0,0,0
rnd.kamin-zakaz24.ru,ALL(excluded),250,0,250,0,0,n/a,0,0,0,n/a,n/a,n/a,7,0,0,0
rnd.kuhni-zakaz-online.ru,home,1,1,,,,,,,,,,,0,0,0,0
rnd.kuhni-zakaz-online.ru,city-leaf,4,4,,,,,,,,,,,0,0,0,0
rnd.kuhni-zakaz-online.ru,ALL,5,5,5,5,HOST_NOT_LOADED,n/a,0,0,0,n/a,n/a,n/a,0,0,0,0
rnd.kupeshkafy24.ru,ALL(excluded),209,0,209,0,0,n/a,0,0,0,n/a,n/a,n/a,5,0,0,0
rnd.natyazhnoi-master24.ru,ALL(excluded),250,0,250,0,0,n/a,0,0,0,n/a,n/a,n/a,4,0,0,0
rnd.okna-pvh-online.ru,ALL(excluded),250,0,250,0,0,n/a,0,0,0,n/a,n/a,n/a,3,0,0,0
rnd.perevodkvartiry.ru,ALL(excluded),209,0,209,0,0,n/a,0,0,0,n/a,n/a,n/a,2,0,0,0
rzn.kalkremont.ru,home,1,1,,,,,,,,,,,2,0,0,0
rzn.kalkremont.ru,service-hub,3,3,,,,,,,,,,,0,0,0,0
rzn.kalkremont.ru,city-leaf,12,12,,,,,,,,,,,0,0,0,0
rzn.kalkremont.ru,content,5,5,,,,,,,,,,,0,0,0,0
rzn.kalkremont.ru,ALL,21,21,21,0,HOST_NOT_LOADED,n/a,0,0,0,n/a,n/a,n/a,2,0,0,0
sam.dizayn-interyera-online.ru,ALL(excluded),209,0,209,0,0,n/a,0,0,0,n/a,n/a,n/a,4,0,0,0
sam.dom-stroy-online.ru,ALL,0,0,0,0,HOST_NOT_LOADED,n/a,0,0,0,n/a,n/a,n/a,0,0,0,0
sam.dveri-stalnye24.ru,ALL(excluded),209,0,209,0,0,n/a,0,0,0,n/a,n/a,n/a,5,0,0,0
sam.ipoteka-remont.ru,home,1,1,,,,,,,,,,,0,0,0,0
sam.ipoteka-remont.ru,city-leaf,4,4,,,,,,,,,,,0,0,0,0
sam.ipoteka-remont.ru,ALL,5,5,5,5,HOST_NOT_LOADED,n/a,0,0,0,n/a,n/a,n/a,0,0,0,0
sam.kalkremont.ru,home,1,1,,,,,,,,,,,2,0,0,0
sam.kalkremont.ru,service-hub,5,5,,,,,,,,,,,0,0,0,0
sam.kalkremont.ru,city-leaf,40,40,,,,,,,,,,,0,0,0,0
sam.kalkremont.ru,deep-leaf,100,100,,,,,,,,,,,0,0,0,0
sam.kalkremont.ru,price,1,1,,,,,,,,,,,0,0,0,0
sam.kalkremont.ru,content,29,29,,,,,,,,,,,0,0,0,0
sam.kalkremont.ru,ALL,176,176,176,0,HOST_NOT_LOADED,n/a,0,0,0,n/a,n/a,n/a,2,0,0,0
sam.kamin-zakaz24.ru,ALL(excluded),250,0,250,0,0,n/a,0,0,0,n/a,n/a,n/a,6,0,0,0
sam.kuhni-zakaz-online.ru,home,1,1,,,,,,,,,,,0,0,0,0
sam.kuhni-zakaz-online.ru,city-leaf,4,4,,,,,,,,,,,0,0,0,0
sam.kuhni-zakaz-online.ru,ALL,5,5,5,5,HOST_NOT_LOADED,n/a,0,0,0,n/a,n/a,n/a,0,0,0,0
sam.kupeshkafy24.ru,ALL(excluded),209,0,209,0,0,n/a,0,0,0,n/a,n/a,n/a,4,0,0,0
sam.natyazhnoi-master24.ru,ALL(excluded),250,0,250,0,0,n/a,0,0,0,n/a,n/a,n/a,7,0,0,0
sam.okna-pvh-online.ru,ALL(excluded),250,0,250,0,0,n/a,0,0,0,n/a,n/a,n/a,7,0,0,0
sam.perevodkvartiry.ru,ALL(excluded),209,0,209,0,0,n/a,0,0,0,n/a,n/a,n/a,4,0,0,0
santehnika.kalkremont.ru,home,1,1,,,,,,,,,,,2,0,0,0
santehnika.kalkremont.ru,service-hub,6,6,,,,,,,,,,,0,0,0,0
santehnika.kalkremont.ru,city-leaf,485,485,,,,,,,,,,,0,0,0,0
santehnika.kalkremont.ru,ALL,492,492,492,0,HOST_NOT_LOADED,n/a,0,0,0,n/a,n/a,n/a,2,0,0,0
sar.kalkremont.ru,home,1,1,,,,,,,,,,,2,0,0,0
sar.kalkremont.ru,service-hub,5,5,,,,,,,,,,,0,0,0,0
sar.kalkremont.ru,city-leaf,20,20,,,,,,,,,,,0,0,0,0
sar.kalkremont.ru,ALL,26,26,26,0,HOST_NOT_LOADED,n/a,0,0,0,n/a,n/a,n/a,2,0,0,0
sovety.kalkremont.ru,home,1,1,,,,,,,,,,,2,0,0,0
sovety.kalkremont.ru,content,10,10,,,,,,,,,,,0,0,0,0
sovety.kalkremont.ru,ALL,11,11,11,0,HOST_NOT_LOADED,n/a,0,0,0,n/a,n/a,n/a,2,0,0,0
spb.dizayn-interyera-online.ru,ALL(excluded),209,0,209,0,0,n/a,0,0,0,n/a,n/a,n/a,6,0,0,0
spb.dom-stroy-online.ru,home,1,1,,,,,,,,,,,0,0,0,0
spb.dom-stroy-online.ru,city-leaf,4,4,,,,,,,,,,,0,0,0,0
spb.dom-stroy-online.ru,ALL,5,5,5,5,HOST_NOT_LOADED,n/a,0,0,0,n/a,n/a,n/a,0,0,0,0
spb.dveri-stalnye24.ru,ALL(excluded),209,0,209,0,0,n/a,0,0,0,n/a,n/a,n/a,6,0,0,0
spb.ipoteka-remont.ru,home,1,1,,,,,,,,,,,0,2,0,1400
spb.ipoteka-remont.ru,city-leaf,4,4,,,,,,,,,,,0,0,0,0
spb.ipoteka-remont.ru,ALL,5,5,5,5,HOST_NOT_LOADED,n/a,0,0,0,n/a,n/a,n/a,0,2,0,1400
spb.kalkremont.ru,home,1,1,,,,,,,,,,,1,0,0,0
spb.kalkremont.ru,service-hub,15,15,,,,,,,,,,,0,0,0,0
spb.kalkremont.ru,city-leaf,120,120,,,,,,,,,,,0,0,0,0
spb.kalkremont.ru,deep-leaf,300,300,,,,,,,,,,,0,0,0,0
spb.kalkremont.ru,price,1,1,,,,,,,,,,,0,0,0,0
spb.kalkremont.ru,ALL,437,437,437,0,HOST_NOT_LOADED,n/a,0,0,0,n/a,n/a,n/a,1,0,0,0
spb.kamin-zakaz24.ru,ALL(excluded),250,0,250,0,0,n/a,0,0,0,n/a,n/a,n/a,3,0,0,0
spb.kuhni-zakaz-online.ru,home,1,1,,,,,,,,,,,0,0,0,0
spb.kuhni-zakaz-online.ru,city-leaf,4,4,,,,,,,,,,,0,0,0,0
spb.kuhni-zakaz-online.ru,ALL,5,5,5,5,HOST_NOT_LOADED,n/a,0,0,0,n/a,n/a,n/a,0,0,0,0
spb.kupeshkafy24.ru,ALL(excluded),209,0,209,0,0,n/a,0,0,0,n/a,n/a,n/a,4,0,0,0
spb.natyazhnoi-master24.ru,ALL(excluded),250,0,250,0,0,n/a,0,0,0,n/a,n/a,n/a,8,0,0,0
spb.okna-pvh-online.ru,ALL(excluded),250,0,250,0,0,n/a,0,0,0,n/a,n/a,n/a,4,0,0,0
spb.perevodkvartiry.ru,ALL(excluded),209,0,209,0,0,n/a,0,0,0,n/a,n/a,n/a,4,0,0,0
styazhka.kalkremont.ru,home,1,1,,,,,,,,,,,2,0,0,0
styazhka.kalkremont.ru,service-hub,6,6,,,,,,,,,,,0,0,0,0
styazhka.kalkremont.ru,city-leaf,444,444,,,,,,,,,,,0,0,0,0
styazhka.kalkremont.ru,ALL,451,451,451,0,HOST_NOT_LOADED,n/a,0,0,0,n/a,n/a,n/a,2,0,0,0
tlt.kalkremont.ru,home,1,1,,,,,,,,,,,2,0,0,0
tlt.kalkremont.ru,service-hub,3,3,,,,,,,,,,,0,0,0,0
tlt.kalkremont.ru,city-leaf,12,12,,,,,,,,,,,0,0,0,0
tlt.kalkremont.ru,ALL,16,16,16,0,HOST_NOT_LOADED,n/a,0,0,0,n/a,n/a,n/a,2,0,0,0
tul.kalkremont.ru,home,1,1,,,,,,,,,,,3,0,0,0
tul.kalkremont.ru,service-hub,4,4,,,,,,,,,,,0,0,0,0
tul.kalkremont.ru,city-leaf,16,16,,,,,,,,,,,0,0,0,0
tul.kalkremont.ru,content,5,5,,,,,,,,,,,0,0,0,0
tul.kalkremont.ru,ALL,26,26,26,0,HOST_NOT_LOADED,n/a,0,0,0,n/a,n/a,n/a,3,0,0,0
tyumen.dizayn-interyera-online.ru,ALL(excluded),209,0,209,0,0,n/a,0,0,0,n/a,n/a,n/a,4,0,0,0
tyumen.dom-stroy-online.ru,ALL,0,0,0,0,HOST_NOT_LOADED,n/a,0,0,0,n/a,n/a,n/a,0,0,0,0
tyumen.dveri-stalnye24.ru,ALL(excluded),209,0,209,0,0,n/a,0,0,0,n/a,n/a,n/a,2,0,0,0
tyumen.ipoteka-remont.ru,home,1,1,,,,,,,,,,,0,0,0,0
tyumen.ipoteka-remont.ru,city-leaf,4,4,,,,,,,,,,,0,0,0,0
tyumen.ipoteka-remont.ru,ALL,5,5,5,5,HOST_NOT_LOADED,n/a,0,0,0,n/a,n/a,n/a,0,0,0,0
tyumen.kalkremont.ru,home,1,1,,,,,,,,,,,2,0,0,0
tyumen.kalkremont.ru,service-hub,5,5,,,,,,,,,,,0,0,0,0
tyumen.kalkremont.ru,city-leaf,40,40,,,,,,,,,,,0,0,0,0
tyumen.kalkremont.ru,deep-leaf,100,100,,,,,,,,,,,0,0,0,0
tyumen.kalkremont.ru,price,1,1,,,,,,,,,,,0,0,0,0
tyumen.kalkremont.ru,ALL,147,147,147,0,HOST_NOT_LOADED,n/a,0,0,0,n/a,n/a,n/a,2,0,0,0
tyumen.kamin-zakaz24.ru,ALL(excluded),250,0,250,0,0,n/a,0,0,0,n/a,n/a,n/a,3,0,0,0
tyumen.kuhni-zakaz-online.ru,home,1,1,,,,,,,,,,,0,0,0,0
tyumen.kuhni-zakaz-online.ru,city-leaf,4,4,,,,,,,,,,,0,0,0,0
tyumen.kuhni-zakaz-online.ru,ALL,5,5,5,5,HOST_NOT_LOADED,n/a,0,0,0,n/a,n/a,n/a,0,0,0,0
tyumen.kupeshkafy24.ru,ALL(excluded),209,0,209,0,0,n/a,0,0,0,n/a,n/a,n/a,5,0,0,0
tyumen.natyazhnoi-master24.ru,ALL(excluded),250,0,250,0,0,n/a,0,0,0,n/a,n/a,n/a,5,0,0,0
tyumen.okna-pvh-online.ru,ALL(excluded),250,0,250,0,0,n/a,0,0,0,n/a,n/a,n/a,4,0,0,0
tyumen.perevodkvartiry.ru,ALL(excluded),209,0,209,0,0,n/a,0,0,0,n/a,n/a,n/a,3,0,0,0
uborka.kalkremont.ru,home,1,1,,,,,,,,,,,2,0,0,0
uborka.kalkremont.ru,service-hub,5,5,,,,,,,,,,,0,0,0,0
uborka.kalkremont.ru,city-leaf,445,445,,,,,,,,,,,0,0,0,0
uborka.kalkremont.ru,ALL,451,451,451,0,HOST_NOT_LOADED,n/a,0,0,0,n/a,n/a,n/a,2,0,0,0
ufa.dizayn-interyera-online.ru,ALL(excluded),209,0,209,0,0,n/a,0,0,0,n/a,n/a,n/a,2,0,0,0
ufa.dom-stroy-online.ru,ALL,0,0,0,0,HOST_NOT_LOADED,n/a,0,0,0,n/a,n/a,n/a,0,0,0,0
ufa.dveri-stalnye24.ru,ALL(excluded),209,0,209,0,0,n/a,0,0,0,n/a,n/a,n/a,4,0,0,0
ufa.ipoteka-remont.ru,home,1,1,,,,,,,,,,,0,0,0,0
ufa.ipoteka-remont.ru,city-leaf,4,4,,,,,,,,,,,0,0,0,0
ufa.ipoteka-remont.ru,ALL,5,5,5,5,HOST_NOT_LOADED,n/a,0,0,0,n/a,n/a,n/a,0,0,0,0
ufa.kalkremont.ru,home,1,1,,,,,,,,,,,2,0,0,0
ufa.kalkremont.ru,service-hub,6,6,,,,,,,,,,,0,0,0,0
ufa.kalkremont.ru,city-leaf,48,48,,,,,,,,,,,0,0,0,0
ufa.kalkremont.ru,deep-leaf,120,120,,,,,,,,,,,0,0,0,0
ufa.kalkremont.ru,price,1,1,,,,,,,,,,,0,0,0,0
ufa.kalkremont.ru,content,29,29,,,,,,,,,,,0,0,0,0
ufa.kalkremont.ru,ALL,205,205,205,0,HOST_NOT_LOADED,n/a,0,0,0,n/a,n/a,n/a,2,0,0,0
ufa.kamin-zakaz24.ru,ALL(excluded),250,0,250,0,0,n/a,0,0,0,n/a,n/a,n/a,6,0,0,0
ufa.kuhni-zakaz-online.ru,home,1,1,,,,,,,,,,,0,0,0,0
ufa.kuhni-zakaz-online.ru,city-leaf,4,4,,,,,,,,,,,0,0,0,0
ufa.kuhni-zakaz-online.ru,ALL,5,5,5,5,HOST_NOT_LOADED,n/a,0,0,0,n/a,n/a,n/a,0,0,0,0
ufa.kupeshkafy24.ru,ALL(excluded),209,0,209,0,0,n/a,0,0,0,n/a,n/a,n/a,2,0,0,0
ufa.natyazhnoi-master24.ru,ALL(excluded),250,0,250,0,0,n/a,0,0,0,n/a,n/a,n/a,19,0,0,0
ufa.okna-pvh-online.ru,ALL(excluded),250,0,250,0,0,n/a,0,0,0,n/a,n/a,n/a,7,0,0,0
ufa.perevodkvartiry.ru,ALL(excluded),209,0,209,0,0,n/a,0,0,0,n/a,n/a,n/a,5,0,0,0
vannye.kalkremont.ru,home,1,1,,,,,,,,,,,1,0,0,0
vannye.kalkremont.ru,service-hub,5,5,,,,,,,,,,,0,0,0,0
vannye.kalkremont.ru,city-leaf,445,445,,,,,,,,,,,0,0,0,0
vannye.kalkremont.ru,ALL,451,451,451,0,HOST_NOT_LOADED,n/a,0,0,0,n/a,n/a,n/a,1,0,0,0
vlg.dizayn-interyera-online.ru,ALL(excluded),209,0,209,0,0,n/a,0,0,0,n/a,n/a,n/a,2,0,0,0
vlg.dom-stroy-online.ru,ALL,0,0,0,0,HOST_NOT_LOADED,n/a,0,0,0,n/a,n/a,n/a,0,0,0,0
vlg.dveri-stalnye24.ru,ALL(excluded),209,0,209,0,0,n/a,0,0,0,n/a,n/a,n/a,5,0,0,0
vlg.ipoteka-remont.ru,home,1,1,,,,,,,,,,,0,0,0,0
vlg.ipoteka-remont.ru,city-leaf,4,4,,,,,,,,,,,0,0,0,0
vlg.ipoteka-remont.ru,ALL,5,5,5,0,HOST_NOT_LOADED,n/a,0,0,0,n/a,n/a,n/a,0,0,0,0
vlg.kalkremont.ru,home,1,1,,,,,,,,,,,2,0,0,0
vlg.kalkremont.ru,service-hub,6,6,,,,,,,,,,,0,0,0,0
vlg.kalkremont.ru,city-leaf,48,48,,,,,,,,,,,0,0,0,0
vlg.kalkremont.ru,deep-leaf,120,120,,,,,,,,,,,0,0,0,0
vlg.kalkremont.ru,price,1,1,,,,,,,,,,,0,0,0,0
vlg.kalkremont.ru,content,29,29,,,,,,,,,,,0,0,0,0
vlg.kalkremont.ru,ALL,205,205,205,0,HOST_NOT_LOADED,n/a,0,0,0,n/a,n/a,n/a,2,0,0,0
vlg.kamin-zakaz24.ru,ALL(excluded),250,0,250,0,0,n/a,0,0,0,n/a,n/a,n/a,4,0,0,0
vlg.kuhni-zakaz-online.ru,home,1,1,,,,,,,,,,,0,0,0,0
vlg.kuhni-zakaz-online.ru,city-leaf,4,4,,,,,,,,,,,0,0,0,0
vlg.kuhni-zakaz-online.ru,ALL,5,5,5,0,HOST_NOT_LOADED,n/a,0,0,0,n/a,n/a,n/a,0,0,0,0
vlg.kupeshkafy24.ru,ALL(excluded),209,0,209,0,0,n/a,0,0,0,n/a,n/a,n/a,1,0,0,0
vlg.natyazhnoi-master24.ru,ALL(excluded),250,0,250,0,0,n/a,0,0,0,n/a,n/a,n/a,19,0,0,0
vlg.okna-pvh-online.ru,ALL(excluded),250,0,250,0,0,n/a,0,0,0,n/a,n/a,n/a,6,0,0,0
vlg.perevodkvartiry.ru,ALL(excluded),209,0,209,0,0,n/a,0,0,0,n/a,n/a,n/a,3,0,0,0
vrn.dizayn-interyera-online.ru,ALL(excluded),209,0,209,0,0,n/a,0,0,0,n/a,n/a,n/a,4,0,0,0
vrn.dom-stroy-online.ru,ALL,0,0,0,0,HOST_NOT_LOADED,n/a,0,0,0,n/a,n/a,n/a,0,0,0,0
vrn.dveri-stalnye24.ru,ALL(excluded),209,0,209,0,0,n/a,0,0,0,n/a,n/a,n/a,5,0,0,0
vrn.ipoteka-remont.ru,home,1,1,,,,,,,,,,,0,0,0,0
vrn.ipoteka-remont.ru,city-leaf,4,4,,,,,,,,,,,0,0,0,0
vrn.ipoteka-remont.ru,ALL,5,5,5,0,HOST_NOT_LOADED,n/a,0,0,0,n/a,n/a,n/a,0,0,0,0
vrn.kalkremont.ru,home,1,1,,,,,,,,,,,1,0,0,0
vrn.kalkremont.ru,service-hub,5,5,,,,,,,,,,,0,0,0,0
vrn.kalkremont.ru,city-leaf,40,40,,,,,,,,,,,0,0,0,0
vrn.kalkremont.ru,deep-leaf,100,100,,,,,,,,,,,0,0,0,0
vrn.kalkremont.ru,price,1,1,,,,,,,,,,,0,0,0,0
vrn.kalkremont.ru,content,29,29,,,,,,,,,,,0,0,0,0
vrn.kalkremont.ru,ALL,176,176,176,0,HOST_NOT_LOADED,n/a,0,0,0,n/a,n/a,n/a,1,0,0,0
vrn.kamin-zakaz24.ru,ALL(excluded),250,0,250,0,0,n/a,0,0,0,n/a,n/a,n/a,4,0,0,0
vrn.kuhni-zakaz-online.ru,home,1,1,,,,,,,,,,,0,0,0,0
vrn.kuhni-zakaz-online.ru,city-leaf,4,4,,,,,,,,,,,0,0,0,0
vrn.kuhni-zakaz-online.ru,ALL,5,5,5,0,HOST_NOT_LOADED,n/a,0,0,0,n/a,n/a,n/a,0,0,0,0
vrn.kupeshkafy24.ru,ALL(excluded),209,0,209,0,0,n/a,0,0,0,n/a,n/a,n/a,5,0,0,0
vrn.natyazhnoi-master24.ru,ALL(excluded),250,0,250,0,0,n/a,0,0,0,n/a,n/a,n/a,4,0,0,0
vrn.okna-pvh-online.ru,ALL(excluded),250,0,250,0,0,n/a,0,0,0,n/a,n/a,n/a,7,0,0,0
vrn.perevodkvartiry.ru,ALL(excluded),209,0,209,0,0,n/a,0,0,0,n/a,n/a,n/a,1,0,0,0
vvo.kalkremont.ru,home,1,1,,,,,,,,,,,3,0,0,0
vvo.kalkremont.ru,service-hub,3,3,,,,,,,,,,,0,0,0,0
vvo.kalkremont.ru,city-leaf,12,12,,,,,,,,,,,0,0,0,0
vvo.kalkremont.ru,content,5,5,,,,,,,,,,,0,0,0,0
vvo.kalkremont.ru,ALL,21,21,21,0,HOST_NOT_LOADED,n/a,0,0,0,n/a,n/a,n/a,3,0,0,0
www.kalkremont.ru,home,1,1,,,,,,,,,,,0,1,0,700
www.kalkremont.ru,service-hub,42,42,,,,,,,,,,,0,0,0,0
www.kalkremont.ru,city-leaf,3357,3357,,,,,,,,,,,0,0,0,0
www.kalkremont.ru,deep-leaf,5088,5088,,,,,,,,,,,0,0,0,0
www.kalkremont.ru,price,32,32,,,,,,,,,,,0,0,0,0
www.kalkremont.ru,content,520,520,,,,,,,,,,,0,0,0,0
www.kalkremont.ru,ALL,9040,9040,2000,0,HOST_NOT_LOADED,n/a,0,0,0,n/a,n/a,n/a,0,1,0,700
yar.kalkremont.ru,home,1,1,,,,,,,,,,,2,0,0,0
yar.kalkremont.ru,service-hub,6,6,,,,,,,,,,,0,0,0,0
yar.kalkremont.ru,city-leaf,24,24,,,,,,,,,,,0,0,0,0
yar.kalkremont.ru,ALL,31,31,31,0,HOST_NOT_LOADED,n/a,0,0,0,n/a,n/a,n/a,2,0,0,0
TOTAL,ALL,55929,21498,40854,175,,n/a,0,0,0,n/a,n/a,n/a,681,8,0.0117,5600